match_row_id,estimated_match_date,player,age,rank,minutes,tourney_id,surface,opponent,opponent_age,opponent_rank,opponent_hand,round_num,player_ioc,target_city,sets_dropped_this_match,is_extreme_heat,is_hot_weather,is_windy_weather,match_won,injury_loss,retirement_or_wo,match_year,avg_career_rank,career_high_rank,career_high_date,days_since_career_high,previous_match_date,days_since_last_match,time_on_court_last_match,time_on_court_this_tournament,matches_on_surface_this_season,surface_win_pct,surface_win_streak,win_pct_against_opponent_hand,h2h_wins,h2h_total_matches,h2h_win_pct,main_draw_wins_last_tournament,tourney_ioc,is_home_ground,last_injury_date,days_since_last_injury,sets_dropped_this_tournament,beaten_opponent_rank,best_win_this_tournament,best_win_last_30_days,extreme_heat_win_pct,hot_weather_win_pct,windy_weather_win_pct
17739,2019-04-20,Jannik Sinner,17.681,314.0,43,2019-7648,Clay,Lukas Rosol,33.744,139.0,R,1.0,ITA,Budapest,0,0,0,0,1,0.0,,2019,314.0,314.0,2019-04-20,0.0,,30.0,0.0,0.0,0.0,0.5,0.0,0.5,0.0,0,0.5,1.0,HUN,0,,9999.0,0.0,139.0,2000.0,2000.0,0.5,0.5,0.5
17759,2019-04-21,Jannik Sinner,17.681,314.0,96,2019-7648,Clay,Yannick Maden,29.481,109.0,R,2.0,ITA,Budapest,2,0,0,0,0,,False,2019,314.0,314.0,2019-04-21,0.0,2019-04-20,1.0,43.0,43.0,1.0,1.0,1.0,1.0,0.0,0,0.5,6.0,HUN,0,,9999.0,0.0,,139.0,139.0,1.0,1.0,1.0
17797,2019-04-23,Jannik Sinner,17.681,314.0,103,2019-7648,Clay,Mate Valkusz,20.69,323.0,R,6.0,ITA,Budapest,1,0,0,0,1,0.0,,2019,314.0,314.0,2019-04-23,0.0,2019-04-21,2.0,96.0,139.0,2.0,0.5,0.0,0.5,0.0,0,0.5,3.0,HUN,0,,9999.0,2.0,323.0,139.0,139.0,0.5,0.5,0.5
17831,2019-04-26,Jannik Sinner,17.681,314.0,90,2019-7648,Clay,Laslo Djere,23.888,33.0,R,7.0,ITA,Budapest,2,0,0,0,0,,False,2019,314.0,314.0,2019-04-26,0.0,2019-04-23,3.0,103.0,242.0,3.0,0.6666666666666666,1.0,0.6666666666666666,0.0,0,0.5,0.0,HUN,0,,9999.0,3.0,,139.0,139.0,0.6666666666666666,0.6666666666666666,0.6666666666666666
18044,2019-05-14,Jannik Sinner,17.739,263.0,111,2019-416,Clay,Steve Johnson,29.383,59.0,R,5.0,ITA,Rome,1,0,0,0,1,0.0,,2019,303.8,263.0,2019-05-14,0.0,2019-04-26,18.0,90.0,0.0,4.0,0.5,0.0,0.5,0.0,0,0.5,2.0,ITA,1,,9999.0,0.0,59.0,2000.0,139.0,0.5,0.5,0.5
18068,2019-05-17,Jannik Sinner,17.755,263.0,125,2019-7694,Clay,Antoine Hoang,23.537,142.0,R,1.0,ITA,Lyon,1,0,0,0,1,0.0,,2019,292.14285714285717,263.0,2019-05-17,0.0,2019-05-17,0.0,77.0,0.0,6.0,0.5,0.0,0.5,0.0,0,0.5,1.0,FRA,0,,9999.0,0.0,142.0,2000.0,59.0,0.6,0.6,0.6
18066,2019-05-17,Jannik Sinner,17.739,263.0,77,2019-416,Clay,Stefanos Tsitsipas,20.75,7.0,R,6.0,ITA,Rome,2,0,0,0,0,,False,2019,297.0,263.0,2019-05-17,0.0,2019-05-14,3.0,111.0,111.0,5.0,0.6,1.0,0.6,0.0,0,0.5,0.0,ITA,1,,9999.0,1.0,,59.0,59.0,0.6666666666666666,0.6666666666666666,0.6666666666666666
18086,2019-05-18,Jannik Sinner,17.755,263.0,74,2019-7694,Clay,Tristan Lamasine,26.204,275.0,R,2.0,ITA,Lyon,0,0,0,0,1,0.0,,2019,288.5,263.0,2019-05-18,0.0,2019-05-17,1.0,125.0,125.0,7.0,0.5714285714285714,1.0,0.5714285714285714,0.0,0,0.5,2.0,FRA,0,,9999.0,1.0,275.0,142.0,59.0,0.5714285714285714,0.5714285714285714,0.5714285714285714
18111,2019-05-20,Jannik Sinner,17.758,229.0,77,2019-7694,Clay,Tristan Lamasine,26.207,270.0,R,6.0,ITA,Lyon,2,0,0,0,0,,False,2019,281.8888888888889,229.0,2019-05-20,0.0,2019-05-18,2.0,74.0,199.0,8.0,0.625,2.0,0.625,1.0,1,1.0,2.0,FRA,0,,9999.0,1.0,,142.0,59.0,0.625,0.625,0.625
18397,2019-06-08,Jannik Sinner,17.815,219.0,119,2019-440,Grass,Lukas Lacko,31.6,139.0,R,1.0,ITA,s-Hertogenbosch,1,0,0,1,1,0.0,,2019,275.6,219.0,2019-06-08,0.0,2019-05-20,19.0,77.0,0.0,0.0,0.5,0.0,0.5555555555555556,0.0,0,0.5,1.0,NED,0,,9999.0,0.0,139.0,2000.0,59.0,0.5555555555555556,0.5555555555555556,0.5
18426,2019-06-09,Jannik Sinner,17.815,219.0,78,2019-440,Grass,Thomas Fabbiano,30.04,104.0,R,2.0,ITA,s-Hertogenbosch,0,0,0,0,1,0.0,,2019,270.45454545454544,219.0,2019-06-09,0.0,2019-06-08,1.0,119.0,119.0,1.0,1.0,1.0,0.6,0.0,0,0.5,1.0,NED,0,,9999.0,1.0,104.0,139.0,59.0,0.6,0.6,0.5555555555555556
18434,2019-06-10,Jannik Sinner,17.815,219.0,81,2019-440,Grass,Nicolas Jarry,23.663,60.0,R,6.0,ITA,s-Hertogenbosch,2,0,0,0,0,,False,2019,266.1666666666667,219.0,2019-06-10,0.0,2019-06-09,1.0,78.0,197.0,2.0,1.0,2.0,0.6363636363636364,0.0,0,0.5,1.0,NED,0,,9999.0,1.0,,104.0,59.0,0.6363636363636364,0.6363636363636364,0.6
18474,2019-06-15,Jannik Sinner,17.834,209.0,140,2019-500,Grass,Joao Sousa,30.215,71.0,R,1.0,ITA,Halle,2,0,0,0,0,,False,2019,261.7692307692308,209.0,2019-06-15,0.0,2019-06-10,5.0,81.0,0.0,3.0,0.6666666666666666,0.0,0.5833333333333334,0.0,0,0.5,0.0,GER,0,,9999.0,0.0,,2000.0,104.0,0.5833333333333334,0.5833333333333334,0.5454545454545454
18699,2019-06-29,Jannik Sinner,17.873,209.0,156,2019-540,Grass,Alex Bolt,26.483,141.0,L,1.0,ITA,London,2,1,0,0,0,,False,2019,258.0,209.0,2019-06-29,0.0,2019-06-15,14.0,140.0,0.0,4.0,0.5,0.0,0.5,0.0,0,0.5,5.0,GBR,0,,9999.0,0.0,,2000.0,104.0,0.5,0.5384615384615384,0.5
18941,2019-07-17,Jannik Sinner,17.911,208.0,103,2019-439,Clay,Pedro Sousa,31.132,109.0,R,6.0,ITA,Umag,1,0,0,0,1,0.0,,2019,254.66666666666666,208.0,2019-07-17,0.0,2019-06-29,18.0,156.0,0.0,9.0,0.5555555555555556,0.0,0.5384615384615384,0.0,0,0.5,2.0,CRO,0,,9999.0,0.0,109.0,2000.0,2000.0,0.5384615384615384,0.5,0.46153846153846156
18969,2019-07-19,Jannik Sinner,17.911,208.0,107,2019-439,Clay,Aljaz Bedene,29.99,87.0,R,7.0,ITA,Umag,2,0,0,0,0,,False,2019,251.75,208.0,2019-07-19,0.0,2019-07-17,2.0,103.0,103.0,10.0,0.6,1.0,0.5714285714285714,0.0,0,0.5,3.0,CRO,0,,9999.0,1.0,,109.0,109.0,0.5714285714285714,0.5333333333333333,0.5
19464,2019-08-24,Jannik Sinner,18.026,137.0,47,2019-560,Hard,Matteo Viola,32.137,240.0,R,1.0,ITA,New York,0,0,0,0,1,0.0,,2019,245.0,137.0,2019-08-24,0.0,2019-07-19,36.0,107.0,0.0,0.0,0.5,0.0,0.5333333333333333,0.0,0,0.5,3.0,USA,0,,9999.0,0.0,240.0,2000.0,2000.0,0.5333333333333333,0.5,0.4666666666666667
19540,2019-08-25,Jannik Sinner,18.026,137.0,169,2019-560,Hard,Viktor Galovic,28.934,224.0,R,2.0,ITA,New York,1,0,0,1,1,0.0,,2019,239.0,137.0,2019-08-25,0.0,2019-08-24,1.0,47.0,47.0,1.0,1.0,1.0,0.5625,0.0,0,0.5,0.0,USA,0,,9999.0,0.0,224.0,240.0,240.0,0.5625,0.5294117647058824,1.0
19585,2019-08-26,Jannik Sinner,18.026,137.0,72,2019-560,Hard,Mario Vilella Martinez,24.148,202.0,R,3.0,ITA,New York,0,0,0,0,1,0.0,,2019,233.6315789473684,137.0,2019-08-26,0.0,2019-08-25,1.0,169.0,216.0,2.0,1.0,2.0,0.5882352941176471,0.0,0,0.5,3.0,USA,0,,9999.0,1.0,202.0,224.0,224.0,0.5882352941176471,0.5555555555555556,0.5
19606,2019-08-28,Jannik Sinner,18.026,137.0,169,2019-560,Hard,Stan Wawrinka,34.412,24.0,R,4.0,ITA,New York,3,0,0,0,0,,False,2019,228.8,137.0,2019-08-28,0.0,2019-08-26,2.0,72.0,288.0,3.0,1.0,3.0,0.6111111111111112,0.0,0,0.5,0.0,USA,0,,9999.0,1.0,,202.0,202.0,0.6111111111111112,0.5789473684210527,0.5294117647058824
19750,2019-09-18,Jannik Sinner,18.084,127.0,99,2019-568,Hard,Mikhail Kukushkin,31.723,57.0,R,6.0,ITA,St. Petersburg,2,0,0,0,0,,False,2019,223.95238095238096,127.0,2019-09-18,0.0,2019-08-28,21.0,169.0,0.0,4.0,0.75,0.0,0.5789473684210527,0.0,0,0.5,2.0,RUS,0,,9999.0,0.0,,2000.0,202.0,0.5789473684210527,0.55,0.5
20099,2019-10-16,Jannik Sinner,18.16,119.0,69,2019-7485,Hard,Kamil Majchrzak,23.751,91.0,R,6.0,ITA,Antwerp,0,0,0,0,1,0.0,,2019,219.1818181818182,119.0,2019-10-16,0.0,2019-09-18,28.0,99.0,0.0,5.0,0.6,0.0,0.55,0.0,0,0.5,2.0,BEL,0,,9999.0,0.0,91.0,2000.0,2000.0,0.55,0.5238095238095238,0.47368421052631576
20111,2019-10-17,Jannik Sinner,18.16,119.0,60,2019-7485,Hard,Gael Monfils,33.117,13.0,R,7.0,ITA,Antwerp,0,0,0,0,1,0.0,,2019,214.82608695652175,119.0,2019-10-17,0.0,2019-10-16,1.0,69.0,69.0,6.0,0.6666666666666666,1.0,0.5714285714285714,0.0,0,0.5,3.0,BEL,0,,9999.0,0.0,13.0,91.0,91.0,0.5714285714285714,0.5454545454545454,0.5
20167,2019-10-20,Jannik Sinner,18.16,119.0,101,2019-7485,Hard,Frances Tiafoe,21.73,53.0,R,8.0,ITA,Antwerp,1,0,0,0,1,0.0,,2019,207.16,119.0,2019-10-20,0.0,2019-10-20,0.0,65.0,194.0,8.0,0.625,0.0,0.5652173913043478,0.0,0,0.5,0.0,BEL,0,,9999.0,2.0,53.0,13.0,13.0,0.5909090909090909,0.5652173913043478,0.5238095238095238
20174,2019-10-20,Jannik Sinner,18.16,119.0,65,2019-7485,Hard,Stan Wawrinka,34.546,18.0,R,9.0,ITA,Antwerp,2,0,0,0,0,,False,2019,210.83333333333334,119.0,2019-10-20,0.0,2019-10-17,3.0,60.0,129.0,7.0,0.7142857142857143,2.0,0.5909090909090909,0.0,1,0.0,0.0,BEL,0,,9999.0,0.0,,13.0,13.0,0.6086956521739131,0.5833333333333334,0.5454545454545454
20204,2019-10-24,Jannik Sinner,18.179,101.0,90,2019-337,Hard,Philipp Kohlschreiber,36.014,79.0,R,6.0,ITA,Vienna,0,0,0,0,1,0.0,,2019,203.07692307692307,101.0,2019-10-24,0.0,2019-10-20,4.0,101.0,0.0,9.0,0.6666666666666666,1.0,0.5833333333333334,0.0,0,0.5,3.0,AUT,0,,9999.0,0.0,79.0,2000.0,13.0,0.5833333333333334,0.56,0.5217391304347826
20214,2019-10-25,Jannik Sinner,18.179,101.0,85,2019-337,Hard,Gael Monfils,33.136,14.0,R,7.0,ITA,Vienna,2,0,0,0,0,,False,2019,199.2962962962963,101.0,2019-10-25,0.0,2019-10-24,1.0,90.0,90.0,10.0,0.7,2.0,0.6,1.0,1,1.0,1.0,AUT,0,,9999.0,0.0,,79.0,13.0,0.6,0.5769230769230769,0.5416666666666666
20304,2019-11-05,Jannik Sinner,18.218,95.0,0,2019-7696,Hard,Mikael Ymer,21.153,74.0,R,1.0,ITA,Next Gen Finals,0,0,0,0,1,0.0,,2019,195.57142857142858,95.0,2019-11-05,0.0,2019-10-25,11.0,85.0,0.0,11.0,0.6363636363636364,0.0,0.5769230769230769,0.0,0,0.5,1.0,SAU,0,,9999.0,0.0,74.0,2000.0,13.0,0.5769230769230769,0.5555555555555556,0.52
20310,2019-11-10,Jannik Sinner,18.218,95.0,0,2019-7696,Hard,Ugo Humbert,21.358,55.0,L,1.0,ITA,Next Gen Finals,3,0,0,0,0,,False,2019,192.10344827586206,95.0,2019-11-10,0.0,2019-11-05,5.0,0.0,0.0,12.0,0.6666666666666666,1.0,0.0,0.0,0,0.5,0.0,SAU,0,,9999.0,0.0,,74.0,13.0,0.5925925925925926,0.5714285714285714,0.5384615384615384
20317,2019-11-10,Jannik Sinner,18.218,95.0,0,2019-7696,Hard,Frances Tiafoe,21.788,47.0,R,1.0,ITA,Next Gen Finals,1,0,0,0,1,0.0,,2019,185.83870967741936,95.0,2019-11-10,0.0,2019-11-10,0.0,0.0,0.0,14.0,0.6428571428571429,1.0,0.6071428571428571,1.0,1,1.0,1.0,SAU,0,,9999.0,3.0,47.0,18.0,13.0,0.5714285714285714,0.5517241379310345,0.5185185185185185
20314,2019-11-10,Jannik Sinner,18.218,95.0,0,2019-7696,Hard,Miomir Kecmanovic,20.178,60.0,R,9.0,ITA,Next Gen Finals,1,0,0,0,1,0.0,,2019,183.0,95.0,2019-11-10,0.0,2019-11-10,0.0,0.0,0.0,15.0,0.6666666666666666,2.0,0.6206896551724138,0.0,0,0.5,1.0,SAU,0,,9999.0,4.0,60.0,18.0,13.0,0.5862068965517241,0.5666666666666667,0.5357142857142857
20312,2019-11-10,Jannik Sinner,18.218,95.0,0,2019-7696,Hard,Alex de Minaur,20.712,18.0,R,11.0,ITA,Next Gen Finals,0,0,0,0,1,0.0,,2019,188.86666666666667,95.0,2019-11-10,0.0,2019-11-10,0.0,0.0,0.0,13.0,0.6153846153846154,0.0,0.5925925925925926,0.0,0,0.5,1.0,SAU,0,,9999.0,3.0,18.0,74.0,13.0,0.6,0.5806451612903226,0.5517241379310345
20509,2020-01-16,Jannik Sinner,18.409,79.0,115,2020-301,Hard,Benoit Paire,30.683,24.0,R,6.0,ITA,Auckland,2,0,0,0,0,,False,2020,179.84848484848484,79.0,2020-01-16,0.0,2019-11-10,67.0,0.0,0.0,0.0,0.6875,3.0,0.6333333333333333,0.0,0,0.5,1.0,NZL,0,,9999.0,0.0,,2000.0,2000.0,0.6129032258064516,0.59375,0.5666666666666667
20631,2020-01-20,Jannik Sinner,18.428,82.0,139,2020-580,Hard,Max Purcell,21.799,215.0,R,4.0,ITA,Melbourne,0,0,0,1,1,0.0,,2020,176.97058823529412,79.0,2020-01-16,4.0,2020-01-16,4.0,115.0,0.0,1.0,0.6470588235294118,0.0,0.6129032258064516,0.0,0,0.5,0.0,AUS,0,,9999.0,0.0,215.0,2000.0,2000.0,0.59375,0.5757575757575758,1.0
20715,2020-01-27,Jannik Sinner,18.428,82.0,136,2020-580,Hard,Marton Fucsovics,27.948,67.0,R,5.0,ITA,Melbourne,3,0,0,0,0,,False,2020,174.25714285714287,79.0,2020-01-16,11.0,2020-01-20,7.0,139.0,139.0,2.0,0.6666666666666666,1.0,0.625,0.0,0,0.5,0.0,AUS,0,,9999.0,0.0,,215.0,215.0,0.6060606060606061,0.5882352941176471,0.5483870967741935
20810,2020-02-03,Jannik Sinner,18.467,78.0,85,2020-375,Hard,Mikael Ymer,21.402,76.0,R,6.0,ITA,Montpellier,2,0,0,0,0,,False,2020,171.58333333333334,78.0,2020-02-03,0.0,2020-01-27,7.0,136.0,0.0,3.0,0.631578947368421,0.0,0.6060606060606061,1.0,1,1.0,4.0,FRA,0,,9999.0,0.0,,2000.0,215.0,0.5882352941176471,0.5714285714285714,0.53125
20925,2020-02-10,Jannik Sinner,18.486,79.0,0,2020-407,Hard,Radu Albot,30.248,50.0,R,6.0,ITA,Rotterdam,0,0,0,0,1,0.0,,2020,169.0810810810811,78.0,2020-02-03,7.0,2020-02-03,7.0,85.0,0.0,4.0,0.6,0.0,0.5882352941176471,0.0,0,0.5,0.0,NED,0,,9999.0,0.0,50.0,2000.0,215.0,0.5714285714285714,0.5555555555555556,0.5151515151515151
20972,2020-02-14,Jannik Sinner,18.486,79.0,119,2020-407,Hard,David Goffin,29.177,10.0,R,7.0,ITA,Rotterdam,0,0,0,0,1,0.0,,2020,166.71052631578948,78.0,2020-02-03,11.0,2020-02-10,4.0,0.0,0.0,5.0,0.6190476190476191,1.0,0.6,0.0,0,0.5,1.0,NED,0,,9999.0,0.0,10.0,50.0,50.0,0.5833333333333334,0.5675675675675675,0.5294117647058824
21005,2020-02-15,Jannik Sinner,18.486,79.0,164,2020-407,Hard,Pablo Carreno Busta,28.583,30.0,R,8.0,ITA,Rotterdam,2,0,0,0,0,,False,2020,164.46153846153845,78.0,2020-02-03,12.0,2020-02-14,1.0,119.0,119.0,6.0,0.6363636363636364,2.0,0.6111111111111112,0.0,0,0.5,3.0,NED,0,,9999.0,0.0,,10.0,10.0,0.5945945945945946,0.5789473684210527,0.5428571428571428
21053,2020-02-17,Jannik Sinner,18.505,68.0,123,2020-496,Hard,Norbert Gombos,29.514,102.0,R,6.0,ITA,Marseille,0,0,0,0,1,0.0,,2020,162.05,68.0,2020-02-17,0.0,2020-02-15,2.0,164.0,0.0,7.0,0.6086956521739131,0.0,0.5945945945945946,0.0,0,0.5,4.0,FRA,0,,9999.0,0.0,102.0,2000.0,10.0,0.5789473684210527,0.5641025641025641,0.5277777777777778
21126,2020-02-22,Jannik Sinner,18.505,68.0,79,2020-496,Hard,Daniil Medvedev,24.016,5.0,R,7.0,ITA,Marseille,2,0,0,0,0,,False,2020,159.7560975609756,68.0,2020-02-22,0.0,2020-02-17,5.0,123.0,123.0,8.0,0.625,1.0,0.6052631578947368,0.0,0,0.5,2.0,FRA,0,,9999.0,0.0,,102.0,10.0,0.5897435897435898,0.575,0.5405405405405406
21277,2020-08-20,Jannik Sinner,19.017,73.0,123,2020-422,Hard,Salvatore Caruso,27.685,100.0,R,1.0,ITA,Cincinnati,2,0,0,0,0,,False,2020,157.6904761904762,68.0,2020-02-22,180.0,2020-02-22,180.0,79.0,0.0,9.0,0.6,0.0,0.5897435897435898,0.0,0,0.5,0.0,USA,0,,9999.0,0.0,,2000.0,2000.0,0.575,0.5609756097560976,0.5263157894736842
21366,2020-09-01,Jannik Sinner,19.042,74.0,224,2020-560,Hard,Karen Khachanov,24.279,16.0,R,4.0,ITA,New York,3,0,0,0,0,,False,2020,155.74418604651163,68.0,2020-02-22,192.0,2020-08-20,12.0,123.0,0.0,10.0,0.5769230769230769,0.0,0.575,0.0,0,0.5,0.0,USA,0,,9999.0,0.0,,2000.0,2000.0,0.5609756097560976,0.5476190476190477,0.5128205128205128
21471,2020-09-09,Jannik Sinner,19.061,74.0,67,2020-319,Clay,Philipp Kohlschreiber,36.895,75.0,R,6.0,ITA,Kitzbuhel,0,0,0,0,1,0.0,,2020,153.88636363636363,68.0,2020-02-22,200.0,2020-09-01,8.0,224.0,0.0,0.0,0.5454545454545454,0.0,0.5609756097560976,1.0,1,1.0,3.0,AUT,0,,9999.0,0.0,75.0,2000.0,2000.0,0.5476190476190477,0.5348837209302325,0.5
21493,2020-09-11,Jannik Sinner,19.061,74.0,79,2020-319,Clay,Laslo Djere,25.268,81.0,R,7.0,ITA,Kitzbuhel,2,0,0,0,0,,False,2020,152.11111111111111,68.0,2020-02-22,202.0,2020-09-09,2.0,67.0,67.0,1.0,0.5833333333333334,1.0,0.5714285714285714,0.0,1,0.0,0.0,AUT,0,,9999.0,0.0,,75.0,75.0,0.5581395348837209,0.5454545454545454,0.5121951219512195
21593,2020-09-16,Jannik Sinner,19.08,81.0,64,2020-416,Clay,Benoit Paire,31.354,24.0,R,5.0,ITA,Rome,0,1,1,0,1,0.0,,2020,150.56521739130434,68.0,2020-02-22,207.0,2020-09-11,5.0,79.0,0.0,2.0,0.5384615384615384,0.0,0.5581395348837209,0.0,1,0.0,1.0,ITA,1,,9999.0,0.0,24.0,2000.0,75.0,0.0,0.5,0.5
21611,2020-09-18,Jannik Sinner,19.08,81.0,133,2020-416,Clay,Stefanos Tsitsipas,22.092,6.0,R,6.0,ITA,Rome,1,1,1,0,1,0.0,,2020,149.08510638297872,68.0,2020-02-22,209.0,2020-09-16,2.0,64.0,64.0,3.0,0.5714285714285714,1.0,0.5681818181818182,0.0,1,0.0,2.0,ITA,1,,9999.0,0.0,6.0,24.0,24.0,0.5,1.0,0.5116279069767442
21619,2020-09-19,Jannik Sinner,19.08,81.0,144,2020-416,Clay,Grigor Dimitrov,29.333,22.0,R,7.0,ITA,Rome,2,1,0,0,0,,False,2020,147.66666666666666,68.0,2020-02-22,210.0,2020-09-18,1.0,133.0,197.0,4.0,0.6,2.0,0.5777777777777777,0.0,0,0.5,2.0,ITA,1,,9999.0,1.0,,6.0,6.0,0.6666666666666666,0.5333333333333333,0.5227272727272727
21845,2020-10-04,Jannik Sinner,19.118,75.0,119,2020-520,Clay,David Goffin,29.81,13.0,R,4.0,ITA,Paris,0,0,0,1,1,0.0,,2020,146.18367346938774,68.0,2020-02-22,225.0,2020-09-19,15.0,144.0,0.0,5.0,0.5625,0.0,0.5652173913043478,1.0,1,1.0,4.0,FRA,0,,9999.0,0.0,13.0,2000.0,6.0,0.5454545454545454,0.5217391304347826,1.0
21882,2020-10-08,Jannik Sinner,19.118,75.0,115,2020-520,Clay,Benjamin Bonzi,24.304,227.0,R,5.0,ITA,Paris,0,0,0,0,1,0.0,,2020,144.76,68.0,2020-02-22,229.0,2020-10-04,4.0,119.0,119.0,6.0,0.5882352941176471,1.0,0.574468085106383,0.0,0,0.5,6.0,FRA,0,,9999.0,0.0,227.0,13.0,6.0,0.5555555555555556,0.5319148936170213,0.5111111111111111
21894,2020-10-10,Jannik Sinner,19.118,75.0,150,2020-520,Clay,Federico Coria,28.556,99.0,R,6.0,ITA,Paris,0,0,0,0,1,0.0,,2020,143.3921568627451,68.0,2020-02-22,231.0,2020-10-08,2.0,115.0,234.0,7.0,0.6111111111111112,2.0,0.5833333333333334,0.0,0,0.5,1.0,FRA,0,,9999.0,0.0,99.0,13.0,6.0,0.5652173913043478,0.5416666666666666,0.5217391304347826
21946,2020-10-11,Jannik Sinner,19.118,75.0,181,2020-520,Clay,Alexander Zverev,23.441,7.0,R,7.0,ITA,Paris,1,0,0,0,1,0.0,,2020,140.81132075471697,68.0,2020-02-22,232.0,2020-10-11,0.0,169.0,553.0,9.0,0.6,0.0,0.5918367346938775,0.0,0,0.5,2.0,FRA,0,,9999.0,3.0,7.0,13.0,6.0,0.574468085106383,0.5510204081632653,0.5319148936170213
21928,2020-10-11,Jannik Sinner,19.118,75.0,169,2020-520,Clay,Rafael Nadal,34.322,2.0,L,8.0,ITA,Paris,3,0,0,0,0,,False,2020,142.07692307692307,68.0,2020-02-22,232.0,2020-10-10,1.0,150.0,384.0,8.0,0.631578947368421,3.0,0.0,0.0,0,0.5,2.0,FRA,0,,9999.0,0.0,,13.0,6.0,0.5833333333333334,0.56,0.5416666666666666
22079,2020-10-21,Jannik Sinner,19.176,46.0,61,2020-9406,Hard,James Duckworth,28.745,97.0,R,6.0,ITA,Cologne 2,0,0,0,0,1,0.0,,2020,139.05555555555554,46.0,2020-10-21,0.0,2020-10-11,10.0,181.0,0.0,11.0,0.5555555555555556,0.0,0.6,0.0,0,0.5,1.0,GER,0,,9999.0,0.0,97.0,2000.0,7.0,0.5714285714285714,0.5490196078431373,0.5306122448979592
22099,2020-10-23,Jannik Sinner,19.176,46.0,76,2020-9406,Hard,Pierre-Hugues Herbert,29.591,82.0,R,7.0,ITA,Cologne 2,0,0,0,0,1,0.0,,2020,137.36363636363637,46.0,2020-10-23,0.0,2020-10-21,2.0,61.0,61.0,12.0,0.5714285714285714,1.0,0.6078431372549019,0.0,0,0.5,0.0,GER,0,,9999.0,0.0,82.0,97.0,7.0,0.58,0.5576923076923077,0.54
22104,2020-10-24,Jannik Sinner,19.176,46.0,153,2020-9406,Hard,Gilles Simon,35.811,58.0,R,8.0,ITA,Cologne 2,1,0,0,0,1,0.0,,2020,135.73214285714286,46.0,2020-10-24,0.0,2020-10-23,1.0,76.0,137.0,13.0,0.5862068965517241,2.0,0.6153846153846154,0.0,0,0.5,5.0,GER,0,,9999.0,0.0,58.0,82.0,7.0,0.5882352941176471,0.5660377358490566,0.5490196078431373
22114,2020-10-24,Jannik Sinner,19.176,46.0,108,2020-9406,Hard,Alexander Zverev,23.499,7.0,R,9.0,ITA,Cologne 2,2,0,0,0,0,,False,2020,134.1578947368421,46.0,2020-10-24,0.0,2020-10-24,0.0,153.0,290.0,14.0,0.6,3.0,0.6226415094339622,1.0,1,1.0,0.0,GER,0,,9999.0,1.0,,58.0,7.0,0.5961538461538461,0.5740740740740741,0.5576923076923077
22164,2020-10-29,Jannik Sinner,19.195,43.0,104,2020-337,Hard,Casper Ruud,21.845,27.0,R,6.0,ITA,Vienna,0,0,0,0,1,0.0,,2020,132.58620689655172,43.0,2020-10-29,0.0,2020-10-24,5.0,108.0,0.0,15.0,0.5806451612903226,0.0,0.6111111111111112,0.0,0,0.5,3.0,AUT,0,,9999.0,0.0,27.0,2000.0,7.0,0.5849056603773585,0.5636363636363636,0.5471698113207547
22177,2020-10-30,Jannik Sinner,19.195,43.0,7,2020-337,Hard,Andrey Rublev,23.017,8.0,R,7.0,ITA,Vienna,2,0,0,0,0,,True,2020,131.0677966101695,43.0,2020-10-30,0.0,2020-10-29,1.0,104.0,104.0,16.0,0.59375,1.0,0.6181818181818182,0.0,0,0.5,0.0,AUT,0,,9999.0,0.0,,27.0,7.0,0.5925925925925926,0.5714285714285714,0.5555555555555556
22294,2020-11-12,Jannik Sinner,19.233,44.0,96,2020-7434,Hard,Marton Fucsovics,28.753,55.0,R,6.0,ITA,Sofia,0,0,0,0,1,0.0,,2020,129.61666666666667,43.0,2020-10-30,13.0,2020-10-30,13.0,7.0,0.0,17.0,0.5757575757575758,0.0,0.6071428571428571,0.0,1,0.0,1.0,BUL,0,,9999.0,0.0,55.0,2000.0,27.0,0.5818181818181818,0.5614035087719298,0.5454545454545454
22301,2020-11-14,Jannik Sinner,19.233,44.0,78,2020-7434,Hard,Marc-Andrea Huesler,24.378,149.0,L,7.0,ITA,Sofia,0,0,0,0,1,0.0,,2020,128.21311475409837,43.0,2020-10-30,15.0,2020-11-12,2.0,96.0,96.0,18.0,0.5882352941176471,1.0,0.0,0.0,0,0.5,2.0,BUL,0,,9999.0,0.0,149.0,55.0,27.0,0.5892857142857143,0.5689655172413793,0.5535714285714286
22299,2020-11-14,Jannik Sinner,19.233,44.0,131,2020-7434,Hard,Alex de Minaur,21.728,25.0,R,8.0,ITA,Sofia,1,0,0,0,1,0.0,,2020,126.85483870967742,43.0,2020-10-30,15.0,2020-11-14,0.0,78.0,174.0,19.0,0.6,2.0,0.6140350877192983,1.0,1,1.0,2.0,BUL,0,,9999.0,0.0,25.0,55.0,27.0,0.5964912280701754,0.576271186440678,0.5614035087719298
22303,2020-11-15,Jannik Sinner,19.233,44.0,87,2020-7434,Hard,Adrian Mannarino,32.364,35.0,L,9.0,ITA,Sofia,0,0,0,0,1,0.0,,2020,124.265625,43.0,2020-10-30,16.0,2020-11-15,0.0,134.0,439.0,21.0,0.6216216216216216,4.0,0.25,0.0,0,0.5,2.0,BUL,0,,9999.0,2.0,35.0,25.0,25.0,0.603448275862069,0.5833333333333334,0.5689655172413793
22305,2020-11-15,Jannik Sinner,19.233,44.0,134,2020-7434,Hard,Vasek Pospisil,30.382,74.0,R,11.0,ITA,Sofia,1,0,0,0,1,0.0,,2020,125.53968253968254,43.0,2020-10-30,16.0,2020-11-14,1.0,131.0,305.0,20.0,0.6111111111111112,3.0,0.6206896551724138,0.0,0,0.5,2.0,BUL,0,,9999.0,1.0,74.0,25.0,25.0,0.6101694915254238,0.5901639344262295,0.576271186440678
22466,2021-02-04,Jannik Sinner,19.463,36.0,66,2021-8998,Hard,Aleksandar Vukic,24.824,195.0,R,6.0,ITA,Melbourne,0,0,0,0,1,0.0,,2021,122.9076923076923,36.0,2021-02-04,0.0,2020-11-15,81.0,87.0,0.0,0.0,0.631578947368421,5.0,0.6271186440677966,0.0,0,0.5,2.0,AUS,0,,9999.0,0.0,195.0,2000.0,2000.0,0.6166666666666667,0.5967741935483871,0.5833333333333334
22535,2021-02-06,Jannik Sinner,19.463,36.0,92,2021-8998,Hard,Aljaz Bedene,31.543,58.0,R,7.0,ITA,Melbourne,0,0,0,1,1,0.0,,2021,121.5909090909091,36.0,2021-02-06,0.0,2021-02-04,2.0,66.0,66.0,1.0,0.6410256410256411,6.0,0.6333333333333333,0.0,1,0.0,2.0,AUS,0,,9999.0,0.0,58.0,195.0,195.0,0.6229508196721312,0.6031746031746031,1.0
22588,2021-02-07,Jannik Sinner,19.463,36.0,116,2021-8998,Hard,Miomir Kecmanovic,21.424,42.0,R,8.0,ITA,Melbourne,0,0,0,1,1,0.0,,2021,117.8695652173913,36.0,2021-02-07,0.0,2021-02-07,0.0,187.0,473.0,4.0,0.6666666666666666,9.0,0.6507936507936508,1.0,1,1.0,3.0,AUS,0,,9999.0,1.0,42.0,20.0,58.0,0.6290322580645161,0.609375,1.0
22590,2021-02-07,Jannik Sinner,19.463,36.0,187,2021-8998,Hard,Karen Khachanov,24.701,20.0,R,9.0,ITA,Melbourne,1,0,0,1,1,0.0,,2021,119.07352941176471,36.0,2021-02-07,0.0,2021-02-07,0.0,128.0,286.0,3.0,0.6585365853658537,8.0,0.6451612903225806,0.0,1,0.0,3.0,AUS,0,,9999.0,0.0,20.0,58.0,58.0,0.6349206349206349,0.6153846153846154,1.0
22592,2021-02-07,Jannik Sinner,19.463,36.0,128,2021-8998,Hard,Stefano Travaglia,29.098,71.0,R,11.0,ITA,Melbourne,0,0,0,1,1,0.0,,2021,120.31343283582089,36.0,2021-02-07,0.0,2021-02-06,1.0,92.0,158.0,2.0,0.65,7.0,0.639344262295082,0.0,0,0.5,1.0,AUS,0,,9999.0,0.0,71.0,58.0,58.0,0.640625,0.6212121212121212,1.0
22675,2021-02-09,Jannik Sinner,19.483,32.0,235,2021-580,Hard,Denis Shapovalov,21.821,12.0,L,4.0,ITA,Melbourne,3,0,0,0,0,,False,2021,116.64285714285714,32.0,2021-02-09,0.0,2021-02-07,2.0,116.0,0.0,5.0,0.6744186046511628,10.0,0.4,0.0,0,0.5,0.0,AUS,0,,9999.0,0.0,,2000.0,20.0,0.6461538461538462,0.6268656716417911,0.5901639344262295
22859,2021-02-23,Jannik Sinner,19.521,34.0,158,2021-375,Hard,Aljaz Bedene,31.6,60.0,R,6.0,ITA,Montpellier,2,0,0,0,0,,False,2021,115.47887323943662,32.0,2021-02-09,14.0,2021-02-09,14.0,235.0,0.0,6.0,0.6590909090909091,0.0,0.65625,1.0,2,0.5,2.0,FRA,0,,9999.0,0.0,,2000.0,20.0,0.6363636363636364,0.6176470588235294,0.5806451612903226
23102,2021-03-10,Jannik Sinner,19.559,34.0,171,2021-496,Hard,Gregoire Barrere,27.055,115.0,R,6.0,ITA,Marseille,1,0,0,0,1,0.0,,2021,114.34722222222223,32.0,2021-02-09,29.0,2021-02-23,15.0,158.0,0.0,7.0,0.6444444444444445,0.0,0.6461538461538462,0.0,0,0.5,4.0,FRA,0,,9999.0,0.0,115.0,2000.0,2000.0,0.6268656716417911,0.6086956521739131,0.5714285714285714
23139,2021-03-12,Jannik Sinner,19.559,34.0,68,2021-496,Hard,Hugo Gaston,20.446,166.0,L,7.0,ITA,Marseille,0,0,0,0,1,0.0,,2021,113.24657534246575,32.0,2021-02-09,31.0,2021-03-10,2.0,171.0,171.0,8.0,0.6521739130434783,1.0,0.3333333333333333,0.0,0,0.5,1.0,FRA,0,,9999.0,1.0,166.0,115.0,115.0,0.6323529411764706,0.6142857142857143,0.578125
23177,2021-03-13,Jannik Sinner,19.559,34.0,75,2021-496,Hard,Daniil Medvedev,25.07,3.0,R,8.0,ITA,Marseille,2,0,0,0,0,,False,2021,112.17567567567568,32.0,2021-02-09,32.0,2021-03-12,1.0,68.0,239.0,9.0,0.6595744680851063,2.0,0.6515151515151515,0.0,1,0.0,1.0,FRA,0,,9999.0,1.0,,115.0,115.0,0.6376811594202898,0.6197183098591549,0.5846153846153846
23219,2021-03-17,Jannik Sinner,19.578,32.0,121,2021-495,Hard,Alexander Bublik,23.743,43.0,R,6.0,ITA,Dubai,1,1,1,0,1,0.0,,2021,111.10666666666667,32.0,2021-03-17,0.0,2021-03-13,4.0,75.0,0.0,10.0,0.6458333333333334,0.0,0.6417910447761194,0.0,0,0.5,2.0,ARE,0,,9999.0,0.0,43.0,2000.0,115.0,0.5,1.0,0.5757575757575758
23235,2021-03-18,Jannik Sinner,19.578,32.0,144,2021-495,Hard,Roberto Bautista Agut,32.917,11.0,R,7.0,ITA,Dubai,1,1,1,0,1,0.0,,2021,110.0657894736842,32.0,2021-03-18,0.0,2021-03-17,1.0,121.0,121.0,11.0,0.6530612244897959,1.0,0.6470588235294118,0.0,0,0.5,3.0,ARE,0,,9999.0,1.0,11.0,43.0,43.0,0.6,1.0,0.582089552238806
23259,2021-03-19,Jannik Sinner,19.578,32.0,149,2021-495,Hard,Aslan Karatsev,27.526,42.0,R,8.0,ITA,Dubai,2,1,1,0,0,,False,2021,109.05194805194805,32.0,2021-03-19,0.0,2021-03-18,1.0,144.0,265.0,12.0,0.66,2.0,0.6521739130434783,0.0,0,0.5,2.0,ARE,0,,9999.0,2.0,,11.0,11.0,0.6666666666666666,1.0,0.5882352941176471
23358,2021-03-27,Jannik Sinner,19.598,31.0,62,2021-403,Hard,Hugo Gaston,20.485,162.0,L,5.0,ITA,Miami,0,0,1,1,1,0.0,,2021,108.05128205128206,31.0,2021-03-27,0.0,2021-03-19,8.0,149.0,0.0,13.0,0.6470588235294118,0.0,0.42857142857142855,1.0,1,1.0,1.0,USA,0,,9999.0,0.0,162.0,2000.0,11.0,0.6285714285714286,0.8,1.0
23379,2021-03-30,Jannik Sinner,19.598,31.0,170,2021-403,Hard,Karen Khachanov,24.835,22.0,R,6.0,ITA,Miami,1,1,1,1,1,0.0,,2021,107.07594936708861,31.0,2021-03-30,0.0,2021-03-27,3.0,62.0,62.0,14.0,0.6538461538461539,1.0,0.6428571428571429,1.0,2,0.5,1.0,USA,0,,9999.0,0.0,22.0,162.0,11.0,0.5714285714285714,0.8333333333333334,1.0
23389,2021-03-31,Jannik Sinner,19.598,31.0,69,2021-403,Hard,Emil Ruusuvuori,21.971,83.0,R,7.0,ITA,Miami,0,1,1,0,1,0.0,,2021,106.125,31.0,2021-03-31,0.0,2021-03-30,1.0,170.0,232.0,15.0,0.660377358490566,2.0,0.647887323943662,0.0,0,0.5,1.0,USA,0,,9999.0,1.0,83.0,22.0,11.0,0.625,0.8571428571428571,0.5797101449275363
23396,2021-04-01,Jannik Sinner,19.598,31.0,100,2021-403,Hard,Alexander Bublik,23.762,44.0,R,8.0,ITA,Miami,0,1,1,0,1,0.0,,2021,103.40963855421687,31.0,2021-04-01,0.0,2021-04-01,0.0,103.0,552.0,18.0,0.6607142857142857,0.0,0.6486486486486487,1.0,1,1.0,1.0,USA,0,,9999.0,4.0,44.0,12.0,11.0,0.6666666666666666,0.875,0.5857142857142857
23400,2021-04-01,Jannik Sinner,19.598,31.0,148,2021-403,Hard,Roberto Bautista Agut,32.936,12.0,R,9.0,ITA,Miami,1,1,1,0,1,0.0,,2021,105.19753086419753,31.0,2021-04-01,0.0,2021-03-31,1.0,69.0,301.0,16.0,0.6666666666666666,3.0,0.6527777777777778,1.0,1,1.0,1.0,USA,0,,9999.0,1.0,12.0,22.0,11.0,0.7,0.8888888888888888,0.5915492957746479
23398,2021-04-01,Jannik Sinner,19.598,31.0,103,2021-403,Hard,Hubert Hurkacz,24.107,37.0,R,10.0,ITA,Miami,2,1,1,0,0,,False,2021,104.29268292682927,31.0,2021-04-01,0.0,2021-04-01,0.0,148.0,449.0,17.0,0.6727272727272727,4.0,0.6575342465753424,0.0,0,0.5,1.0,USA,0,,9999.0,2.0,,12.0,11.0,0.7272727272727273,0.9,0.5972222222222222
23524,2021-04-14,Jannik Sinner,19.655,22.0,83,2021-410,Clay,Albert Ramos-Vinolas,33.235,46.0,L,5.0,ITA,Monte Carlo,0,0,0,0,1,0.0,,2021,102.44047619047619,22.0,2021-04-14,0.0,2021-04-01,13.0,100.0,0.0,0.0,0.6190476190476191,1.0,0.5,0.0,0,0.5,1.0,MON,0,,9999.0,0.0,46.0,2000.0,11.0,0.6338028169014085,0.6111111111111112,0.589041095890411
23539,2021-04-16,Jannik Sinner,19.655,22.0,94,2021-410,Clay,Novak Djokovic,33.892,1.0,R,6.0,ITA,Monte Carlo,2,0,0,0,0,,False,2021,101.49411764705883,22.0,2021-04-16,0.0,2021-04-14,2.0,83.0,83.0,1.0,0.6363636363636364,2.0,0.6533333333333333,0.0,0,0.5,4.0,MON,0,,9999.0,0.0,,46.0,11.0,0.6388888888888888,0.6164383561643836,0.5945945945945946
23619,2021-04-22,Jannik Sinner,19.674,19.0,68,2021-425,Clay,Egor Gerasimov,28.435,77.0,R,6.0,ITA,Barcelona,0,0,0,0,1,0.0,,2021,100.53488372093024,19.0,2021-04-22,0.0,2021-04-16,6.0,94.0,0.0,2.0,0.6086956521739131,0.0,0.6447368421052632,0.0,0,0.5,1.0,ESP,0,,9999.0,0.0,77.0,2000.0,12.0,0.6301369863013698,0.6081081081081081,0.5866666666666667
23649,2021-04-24,Jannik Sinner,19.674,19.0,116,2021-425,Clay,Roberto Bautista Agut,33.013,11.0,R,7.0,ITA,Barcelona,0,0,0,0,1,0.0,,2021,99.59770114942529,19.0,2021-04-24,0.0,2021-04-22,2.0,68.0,68.0,3.0,0.625,1.0,0.6493506493506493,2.0,2,1.0,1.0,ESP,0,,9999.0,0.0,11.0,77.0,12.0,0.6351351351351351,0.6133333333333333,0.5921052631578947
23672,2021-04-25,Jannik Sinner,19.674,19.0,95,2021-425,Clay,Andrey Rublev,23.496,7.0,R,8.0,ITA,Barcelona,0,0,0,0,1,0.0,,2021,97.78651685393258,19.0,2021-04-25,0.0,2021-04-25,0.0,83.0,267.0,5.0,0.6153846153846154,0.0,0.6455696202531646,0.0,1,0.0,1.0,ESP,0,,9999.0,2.0,7.0,11.0,11.0,0.64,0.618421052631579,0.5974025974025974
23666,2021-04-25,Jannik Sinner,19.674,19.0,83,2021-425,Clay,Stefanos Tsitsipas,22.686,5.0,R,9.0,ITA,Barcelona,2,0,0,0,0,,False,2021,98.68181818181819,19.0,2021-04-25,0.0,2021-04-24,1.0,116.0,184.0,4.0,0.64,2.0,0.6538461538461539,1.0,2,0.5,1.0,ESP,0,,9999.0,0.0,,11.0,11.0,0.6447368421052632,0.6233766233766234,0.6025641025641025
23743,2021-05-01,Jannik Sinner,19.707,18.0,64,2021-1536,Clay,Guido Pella,30.957,55.0,L,5.0,ITA,Madrid,0,0,0,0,1,0.0,,2021,96.9,18.0,2021-05-01,0.0,2021-04-25,6.0,95.0,0.0,6.0,0.6296296296296297,1.0,0.5555555555555556,0.0,0,0.5,1.0,ESP,0,,9999.0,0.0,55.0,2000.0,7.0,0.6363636363636364,0.6153846153846154,0.5949367088607594
23793,2021-05-05,Jannik Sinner,19.707,18.0,94,2021-1536,Clay,Alexei Popyrin,21.739,77.0,R,6.0,ITA,Madrid,2,0,0,0,0,,False,2021,96.03296703296704,18.0,2021-05-05,0.0,2021-05-01,4.0,64.0,64.0,7.0,0.6428571428571429,2.0,0.65,0.0,0,0.5,3.0,ESP,0,,9999.0,0.0,,55.0,7.0,0.6410256410256411,0.620253164556962,0.6
23856,2021-05-10,Jannik Sinner,19.726,18.0,90,2021-416,Clay,Ugo Humbert,22.867,32.0,L,5.0,ITA,Rome,0,0,0,0,1,0.0,,2021,95.18478260869566,18.0,2021-05-10,0.0,2021-05-05,5.0,94.0,0.0,8.0,0.6206896551724138,0.0,0.6,0.0,1,0.0,1.0,ITA,1,,9999.0,0.0,32.0,2000.0,7.0,0.6329113924050633,0.6125,0.5925925925925926
23860,2021-05-11,Jannik Sinner,19.726,18.0,130,2021-416,Clay,Rafael Nadal,34.93,2.0,L,6.0,ITA,Rome,2,0,0,0,0,,False,2021,94.35483870967742,18.0,2021-05-11,0.0,2021-05-10,1.0,90.0,90.0,9.0,0.6333333333333333,1.0,0.6363636363636364,0.0,1,0.0,2.0,ITA,1,,9999.0,0.0,,32.0,7.0,0.6375,0.6172839506172839,0.5975609756097561
23918,2021-05-17,Jannik Sinner,19.751,17.0,153,2021-7694,Clay,Aslan Karatsev,27.699,25.0,R,6.0,ITA,Lyon,1,0,0,0,1,0.0,,2021,93.53191489361703,17.0,2021-05-17,0.0,2021-05-11,6.0,130.0,0.0,10.0,0.6129032258064516,0.0,0.6419753086419753,0.0,1,0.0,0.0,FRA,0,,9999.0,0.0,25.0,2000.0,7.0,0.6296296296296297,0.6097560975609756,0.5903614457831325
23941,2021-05-20,Jannik Sinner,19.751,17.0,154,2021-7694,Clay,Arthur Rinderknech,25.818,125.0,R,7.0,ITA,Lyon,2,0,0,0,0,,False,2021,92.72631578947369,17.0,2021-05-20,0.0,2021-05-17,3.0,153.0,153.0,11.0,0.625,1.0,0.6463414634146342,0.0,0,0.5,0.0,FRA,0,,9999.0,1.0,,25.0,7.0,0.6341463414634146,0.6144578313253012,0.5952380952380952
24167,2021-06-01,Jannik Sinner,19.789,19.0,212,2021-520,Clay,Pierre-Hugues Herbert,30.204,85.0,R,4.0,ITA,Paris,2,0,0,0,1,0.0,,2021,91.95833333333333,17.0,2021-05-20,12.0,2021-05-20,12.0,154.0,0.0,12.0,0.6060606060606061,0.0,0.6385542168674698,1.0,1,1.0,2.0,FRA,0,,9999.0,0.0,85.0,2000.0,25.0,0.6265060240963856,0.6071428571428571,0.5882352941176471
24254,2021-06-08,Jannik Sinner,19.789,19.0,139,2021-520,Clay,Gianluca Mager,26.497,87.0,R,5.0,ITA,Paris,1,0,0,0,1,0.0,,2021,91.20618556701031,17.0,2021-05-20,19.0,2021-06-01,7.0,212.0,212.0,13.0,0.6176470588235294,1.0,0.6428571428571429,0.0,0,0.5,0.0,FRA,0,,9999.0,2.0,87.0,85.0,25.0,0.6309523809523809,0.611764705882353,0.5930232558139535
24289,2021-06-11,Jannik Sinner,19.789,19.0,142,2021-520,Clay,Mikael Ymer,22.724,105.0,R,6.0,ITA,Paris,0,0,0,0,1,0.0,,2021,90.46938775510205,17.0,2021-05-20,22.0,2021-06-08,3.0,139.0,351.0,14.0,0.6285714285714286,2.0,0.6470588235294118,1.0,2,0.5,2.0,FRA,0,,9999.0,3.0,105.0,85.0,25.0,0.6352941176470588,0.6162790697674418,0.5977011494252874
24320,2021-06-12,Jannik Sinner,19.822,19.0,118,2021-311,Grass,Jack Draper,19.472,309.0,L,6.0,ITA,London,2,0,0,0,0,,False,2021,89.04,17.0,2021-05-20,23.0,2021-06-12,0.0,137.0,0.0,0.0,0.4,0.0,0.5384615384615384,0.0,0,0.5,0.0,GBR,0,,9999.0,0.0,,2000.0,25.0,0.6395348837209303,0.6206896551724138,0.6022727272727273
24319,2021-06-12,Jannik Sinner,19.789,19.0,137,2021-520,Clay,Rafael Nadal,34.992,3.0,L,7.0,ITA,Paris,3,0,0,0,0,,False,2021,89.74747474747475,17.0,2021-05-20,23.0,2021-06-11,1.0,142.0,493.0,15.0,0.6388888888888888,3.0,0.5833333333333334,0.0,2,0.0,0.0,FRA,0,,9999.0,3.0,,85.0,25.0,0.632183908045977,0.6136363636363636,0.5955056179775281
24633,2021-06-30,Jannik Sinner,19.866,23.0,184,2021-540,Grass,Marton Fucsovics,29.385,48.0,R,4.0,ITA,London,3,0,0,0,0,,False,2021,88.38613861386139,17.0,2021-05-20,41.0,2021-06-12,18.0,118.0,0.0,1.0,0.3333333333333333,0.0,0.6511627906976745,1.0,2,0.5,2.0,GBR,0,,9999.0,0.0,,2000.0,85.0,0.625,0.6067415730337079,0.5888888888888889
25054,2021-07-28,Jannik Sinner,19.943,23.0,97,2021-6116,Hard,Christopher O'Connell,27.146,132.0,R,7.0,ITA,Atlanta,2,1,1,0,0,,False,2021,87.74509803921569,17.0,2021-05-20,69.0,2021-06-30,28.0,184.0,0.0,19.0,0.6666666666666666,1.0,0.6436781609195402,0.0,0,0.5,1.0,USA,0,,9999.0,0.0,,2000.0,2000.0,0.6666666666666666,0.8181818181818182,0.5824175824175825
25159,2021-08-04,Jannik Sinner,19.962,24.0,78,2021-418,Hard,Emil Ruusuvuori,22.335,69.0,R,6.0,ITA,Washington,0,0,0,0,1,0.0,,2021,87.12621359223301,17.0,2021-05-20,76.0,2021-07-28,7.0,97.0,0.0,20.0,0.6551724137931034,0.0,0.6363636363636364,1.0,1,1.0,3.0,USA,0,,9999.0,0.0,69.0,2000.0,2000.0,0.6179775280898876,0.6,0.5760869565217391
25176,2021-08-06,Jannik Sinner,19.962,24.0,116,2021-418,Hard,Sebastian Korda,21.076,45.0,R,7.0,ITA,Washington,0,1,1,0,1,0.0,,2021,85.92380952380952,17.0,2021-05-20,78.0,2021-08-06,0.0,71.0,149.0,22.0,0.6666666666666666,2.0,0.6444444444444445,0.0,0,0.5,4.0,USA,0,,9999.0,0.0,45.0,69.0,69.0,0.6153846153846154,0.75,0.5806451612903226
25174,2021-08-06,Jannik Sinner,19.962,24.0,71,2021-418,Hard,Steve Johnson,31.606,81.0,R,8.0,ITA,Washington,0,1,1,0,1,0.0,,2021,86.51923076923077,17.0,2021-05-20,78.0,2021-08-04,2.0,78.0,78.0,21.0,0.6610169491525424,1.0,0.6404494382022472,1.0,1,1.0,4.0,USA,0,,9999.0,0.0,81.0,69.0,69.0,0.6428571428571429,0.7692307692307693,0.5851063829787234
25188,2021-08-07,Jannik Sinner,19.962,24.0,89,2021-418,Hard,Jenson Brooksby,20.767,130.0,R,9.0,ITA,Washington,0,0,0,0,1,0.0,,2021,84.76635514018692,17.0,2021-05-20,79.0,2021-08-07,0.0,172.0,437.0,24.0,0.6774193548387096,4.0,0.6521739130434783,0.0,0,0.5,1.0,USA,0,,9999.0,1.0,130.0,45.0,45.0,0.6222222222222222,0.6043956043956044,0.5894736842105263
25178,2021-08-07,Jannik Sinner,19.962,24.0,172,2021-418,Hard,Mackenzie McDonald,26.297,107.0,R,11.0,ITA,Washington,1,0,0,0,1,0.0,,2021,85.33962264150944,17.0,2021-05-20,79.0,2021-08-06,1.0,116.0,265.0,23.0,0.6721311475409836,3.0,0.6483516483516484,0.0,0,0.5,4.0,USA,0,,9999.0,0.0,107.0,45.0,45.0,0.6263736263736264,0.6086956521739131,0.59375
25227,2021-08-12,Jannik Sinner,19.981,15.0,76,2021-421,Hard,James Duckworth,29.55,85.0,R,6.0,ITA,Toronto,2,1,1,0,0,,False,2021,84.12037037037037,15.0,2021-08-12,0.0,2021-08-07,5.0,89.0,0.0,25.0,0.6825396825396826,5.0,0.6559139784946236,1.0,1,1.0,1.0,CAN,0,,9999.0,0.0,,2000.0,45.0,0.6666666666666666,0.7857142857142857,0.5979381443298969
25283,2021-08-17,Jannik Sinner,20.0,15.0,98,2021-422,Hard,Federico Delbonis,30.864,48.0,L,5.0,ITA,Cincinnati,0,1,0,0,1,0.0,,2021,83.4862385321101,15.0,2021-08-17,0.0,2021-08-12,5.0,76.0,0.0,26.0,0.671875,0.0,0.5,0.0,0,0.5,0.0,USA,0,,9999.0,0.0,48.0,2000.0,45.0,0.625,0.6129032258064516,0.5918367346938775
25295,2021-08-19,Jannik Sinner,20.0,15.0,155,2021-422,Hard,John Isner,36.307,26.0,R,6.0,ITA,Cincinnati,2,1,1,0,0,,False,2021,82.86363636363636,15.0,2021-08-19,0.0,2021-08-17,2.0,98.0,98.0,27.0,0.676923076923077,1.0,0.648936170212766,0.0,0,0.5,2.0,USA,0,,9999.0,0.0,,48.0,45.0,0.6470588235294118,0.7333333333333333,0.5959595959595959
25513,2021-09-01,Jannik Sinner,20.038,16.0,153,2021-560,Hard,Max Purcell,23.409,191.0,R,4.0,ITA,New York,1,0,0,1,1,0.0,,2021,82.26126126126127,15.0,2021-08-19,13.0,2021-08-19,13.0,155.0,0.0,28.0,0.6666666666666666,0.0,0.6421052631578947,1.0,1,1.0,0.0,USA,0,,9999.0,0.0,191.0,2000.0,45.0,0.6304347826086957,0.6170212765957447,1.0
25570,2021-09-07,Jannik Sinner,20.038,16.0,214,2021-560,Hard,Zachary Svajda,18.752,716.0,R,5.0,ITA,New York,1,0,0,0,1,0.0,,2021,81.66964285714286,15.0,2021-08-19,19.0,2021-09-01,6.0,153.0,153.0,29.0,0.6716417910447762,1.0,0.6458333333333334,0.0,0,0.5,1.0,USA,0,,9999.0,1.0,716.0,191.0,48.0,0.6344086021505376,0.6210526315789474,0.59
25594,2021-09-10,Jannik Sinner,20.038,16.0,222,2021-560,Hard,Gael Monfils,34.995,20.0,R,6.0,ITA,New York,2,0,0,1,1,0.0,,2021,81.08849557522124,15.0,2021-08-19,22.0,2021-09-07,3.0,214.0,367.0,30.0,0.6764705882352942,2.0,0.6494845360824743,1.0,2,0.5,1.0,USA,0,,9999.0,2.0,20.0,191.0,48.0,0.6382978723404256,0.625,1.0
25602,2021-09-11,Jannik Sinner,20.038,16.0,145,2021-560,Hard,Alexander Zverev,24.361,4.0,R,7.0,ITA,New York,3,0,0,0,0,,False,2021,80.51754385964912,15.0,2021-08-19,23.0,2021-09-10,1.0,222.0,589.0,31.0,0.6811594202898551,3.0,0.6530612244897959,1.0,2,0.5,1.0,USA,0,,9999.0,4.0,,20.0,20.0,0.6421052631578947,0.6288659793814433,0.594059405940594
25764,2021-10-01,Jannik Sinner,20.115,14.0,101,2021-7434,Hard,Egor Gerasimov,28.876,104.0,R,7.0,ITA,Sofia,0,0,0,0,1,0.0,,2021,79.93913043478261,14.0,2021-10-01,0.0,2021-09-11,20.0,145.0,0.0,32.0,0.6714285714285714,0.0,0.6464646464646465,1.0,1,1.0,2.0,BUL,0,,9999.0,0.0,104.0,2000.0,20.0,0.6354166666666666,0.6224489795918368,0.5882352941176471
25777,2021-10-02,Jannik Sinner,20.115,14.0,114,2021-7434,Hard,James Duckworth,29.684,56.0,R,8.0,ITA,Sofia,0,0,0,0,1,0.0,,2021,78.8119658119658,14.0,2021-10-02,0.0,2021-10-02,0.0,106.0,207.0,34.0,0.6805555555555556,2.0,0.6534653465346535,1.0,2,0.5,1.0,BUL,0,,9999.0,0.0,56.0,37.0,20.0,0.6391752577319587,0.6262626262626263,0.5922330097087378
25775,2021-10-02,Jannik Sinner,20.115,14.0,106,2021-7434,Hard,Filip Krajinovic,29.582,37.0,R,9.0,ITA,Sofia,0,0,0,0,1,0.0,,2021,79.37068965517241,14.0,2021-10-02,0.0,2021-10-01,1.0,101.0,101.0,33.0,0.676056338028169,1.0,0.65,0.0,0,0.5,1.0,BUL,0,,9999.0,0.0,37.0,104.0,20.0,0.6428571428571429,0.63,0.5961538461538461
25781,2021-10-03,Jannik Sinner,20.115,14.0,77,2021-7434,Hard,Gael Monfils,35.072,20.0,R,11.0,ITA,Sofia,0,0,0,0,1,0.0,,2021,78.26271186440678,14.0,2021-10-03,0.0,2021-10-02,1.0,114.0,321.0,35.0,0.684931506849315,3.0,0.6568627450980392,2.0,3,0.6666666666666666,1.0,BUL,0,,9999.0,0.0,20.0,37.0,20.0,0.6464646464646465,0.6336633663366337,0.6
25858,2021-10-08,Jannik Sinner,20.134,14.0,74,2021-404,Hard,John Millman,32.307,58.0,R,5.0,ITA,Indian Wells,0,0,0,0,1,0.0,,2021,77.72268907563026,14.0,2021-10-08,0.0,2021-10-03,5.0,77.0,0.0,36.0,0.6891891891891891,4.0,0.6601941747572816,0.0,0,0.5,1.0,USA,0,,9999.0,0.0,58.0,2000.0,20.0,0.65,0.6372549019607843,0.6037735849056604
25886,2021-10-11,Jannik Sinner,20.134,14.0,0,2021-404,Hard,John Isner,36.441,24.0,R,6.0,ITA,Indian Wells,0,0,0,0,1,0.0,,2021,77.19166666666666,14.0,2021-10-11,0.0,2021-10-08,3.0,74.0,74.0,37.0,0.6933333333333334,5.0,0.6634615384615384,0.0,1,0.0,1.0,USA,0,,9999.0,0.0,24.0,58.0,20.0,0.6534653465346535,0.6407766990291263,0.6074766355140186
25904,2021-10-13,Jannik Sinner,20.134,14.0,100,2021-404,Hard,Taylor Fritz,23.934,39.0,R,7.0,ITA,Indian Wells,2,0,0,0,0,,False,2021,76.6694214876033,14.0,2021-10-13,0.0,2021-10-11,2.0,0.0,74.0,38.0,0.6973684210526315,6.0,0.6666666666666666,0.0,0,0.5,1.0,USA,0,,9999.0,0.0,,24.0,20.0,0.6568627450980392,0.6442307692307693,0.6111111111111112
25976,2021-10-22,Jannik Sinner,20.172,13.0,94,2021-7485,Hard,Lorenzo Musetti,19.628,69.0,R,7.0,ITA,Antwerp,0,0,0,0,1,0.0,,2021,76.14754098360656,13.0,2021-10-22,0.0,2021-10-13,9.0,100.0,0.0,39.0,0.6883116883116883,0.0,0.660377358490566,0.0,0,0.5,2.0,BEL,0,,9999.0,0.0,69.0,2000.0,20.0,0.6504854368932039,0.638095238095238,0.6055045871559633
25990,2021-10-23,Jannik Sinner,20.172,13.0,78,2021-7485,Hard,Arthur Rinderknech,26.24,65.0,R,8.0,ITA,Antwerp,0,0,0,0,1,0.0,,2021,75.63414634146342,13.0,2021-10-23,0.0,2021-10-22,1.0,94.0,94.0,40.0,0.6923076923076923,1.0,0.6635514018691588,0.0,1,0.0,0.0,BEL,0,,9999.0,0.0,65.0,69.0,20.0,0.6538461538461539,0.6415094339622641,0.6090909090909091
25989,2021-10-23,Jannik Sinner,20.172,13.0,86,2021-7485,Hard,Lloyd Harris,24.646,32.0,R,9.0,ITA,Antwerp,0,0,0,0,1,0.0,,2021,75.12903225806451,13.0,2021-10-23,0.0,2021-10-23,0.0,78.0,172.0,41.0,0.6962025316455697,2.0,0.6666666666666666,0.0,0,0.5,0.0,BEL,0,,9999.0,0.0,32.0,65.0,20.0,0.6571428571428571,0.6448598130841121,0.6126126126126126
26007,2021-10-24,Jannik Sinner,20.172,13.0,76,2021-7485,Hard,Diego Schwartzman,29.172,14.0,R,11.0,ITA,Antwerp,0,0,0,0,1,0.0,,2021,74.632,13.0,2021-10-24,0.0,2021-10-23,1.0,86.0,258.0,42.0,0.7,3.0,0.6697247706422018,0.0,0,0.5,4.0,BEL,0,,9999.0,0.0,14.0,32.0,20.0,0.660377358490566,0.6481481481481481,0.6160714285714286
26037,2021-10-27,Jannik Sinner,20.192,11.0,63,2021-337,Hard,Reilly Opelka,24.159,27.0,R,6.0,ITA,Vienna,0,0,0,0,1,0.0,,2021,74.12698412698413,11.0,2021-10-27,0.0,2021-10-24,3.0,76.0,0.0,43.0,0.7037037037037037,4.0,0.6727272727272727,0.0,0,0.5,1.0,AUT,0,,9999.0,0.0,27.0,2000.0,14.0,0.6635514018691588,0.6513761467889908,0.6194690265486725
26051,2021-10-29,Jannik Sinner,20.192,11.0,76,2021-337,Hard,Dennis Novak,28.159,116.0,R,7.0,ITA,Vienna,0,0,0,0,1,0.0,,2021,73.62992125984252,11.0,2021-10-29,0.0,2021-10-27,2.0,63.0,63.0,44.0,0.7073170731707317,5.0,0.6756756756756757,0.0,0,0.5,0.0,AUT,0,,9999.0,0.0,116.0,27.0,14.0,0.6666666666666666,0.6545454545454545,0.6228070175438597
26088,2021-10-31,Jannik Sinner,20.192,11.0,97,2021-337,Hard,Casper Ruud,22.842,8.0,R,8.0,ITA,Vienna,0,0,0,0,1,0.0,,2021,73.140625,11.0,2021-10-31,0.0,2021-10-29,2.0,76.0,139.0,45.0,0.7108433734939759,6.0,0.6785714285714286,1.0,1,1.0,1.0,AUT,0,,9999.0,0.0,8.0,27.0,14.0,0.6697247706422018,0.6576576576576577,0.6260869565217392
26084,2021-10-31,Jannik Sinner,20.192,11.0,138,2021-337,Hard,Frances Tiafoe,23.762,49.0,R,9.0,ITA,Vienna,2,0,0,0,0,,False,2021,72.65891472868218,11.0,2021-10-31,0.0,2021-10-31,0.0,97.0,236.0,46.0,0.7142857142857143,7.0,0.6814159292035398,2.0,2,1.0,1.0,AUT,0,,9999.0,0.0,,8.0,14.0,0.6727272727272727,0.6607142857142857,0.6293103448275862
26121,2021-11-04,Jannik Sinner,20.211,9.0,127,2021-352,Hard,Carlos Alcaraz,18.494,35.0,R,6.0,ITA,Paris Masters,2,0,0,0,0,,False,2021,72.16923076923077,9.0,2021-11-04,0.0,2021-10-31,4.0,138.0,0.0,47.0,0.7058823529411765,0.0,0.6754385964912281,0.0,0,0.5,1.0,,0,,9999.0,0.0,,2000.0,8.0,0.6666666666666666,0.6548672566371682,0.6239316239316239
26186,2021-11-12,Jannik Sinner,20.23,10.0,135,2021-429,Hard,Andy Murray,34.486,143.0,R,7.0,ITA,Stockholm,2,0,0,0,0,,False,2021,71.69465648854961,9.0,2021-11-04,8.0,2021-11-04,8.0,127.0,0.0,48.0,0.6976744186046512,0.0,0.6695652173913044,0.0,0,0.5,1.0,SWE,0,,9999.0,0.0,,2000.0,8.0,0.6607142857142857,0.6491228070175439,0.6186440677966102
26203,2021-11-16,Jannik Sinner,20.249,11.0,85,2021-605,Hard,Hubert Hurkacz,24.758,9.0,R,1.0,ITA,Tour Finals,0,0,0,0,1,0.0,,2021,71.23484848484848,9.0,2021-11-04,12.0,2021-11-12,4.0,135.0,0.0,49.0,0.6896551724137931,0.0,0.6637931034482759,0.0,1,0.0,1.0,ITA,1,,9999.0,0.0,9.0,2000.0,8.0,0.6548672566371682,0.6434782608695652,0.6134453781512605
26207,2021-11-20,Jannik Sinner,20.249,11.0,149,2021-605,Hard,Daniil Medvedev,25.76,2.0,R,1.0,ITA,Tour Finals,2,0,0,0,0,,False,2021,70.78195488721805,9.0,2021-11-04,16.0,2021-11-16,4.0,85.0,85.0,50.0,0.6931818181818182,1.0,0.6666666666666666,0.0,2,0.0,0.0,ITA,1,,9999.0,0.0,,9.0,8.0,0.6578947368421053,0.646551724137931,0.6166666666666667
26353,2022-01-09,Jannik Sinner,20.383,10.0,96,2022-8888,Hard,Arthur Rinderknech,26.45,58.0,R,4.0,ITA,Sydney,0,0,0,1,1,0.0,,2022,70.32835820895522,9.0,2021-11-04,66.0,2021-11-20,50.0,149.0,0.0,0.0,0.6853932584269663,0.0,0.6610169491525424,1.0,2,0.5,3.0,AUS,0,,9999.0,0.0,58.0,2000.0,2000.0,0.6521739130434783,0.6410256410256411,1.0
26360,2022-01-09,Jannik Sinner,20.383,10.0,116,2022-8888,Hard,Roman Safiullin,24.408,167.0,R,4.0,ITA,Sydney,0,0,0,1,1,0.0,,2022,69.88148148148149,9.0,2021-11-04,66.0,2022-01-09,0.0,96.0,96.0,1.0,0.6888888888888889,1.0,0.6638655462184874,0.0,0,0.5,3.0,AUS,0,,9999.0,0.0,167.0,58.0,2000.0,0.6551724137931034,0.6440677966101694,1.0
26363,2022-01-09,Jannik Sinner,20.383,10.0,63,2022-8888,Hard,Max Purcell,23.754,176.0,R,4.0,ITA,Sydney,0,0,0,1,1,0.0,,2022,69.44117647058823,9.0,2021-11-04,66.0,2022-01-09,0.0,116.0,212.0,2.0,0.6923076923076923,2.0,0.6666666666666666,2.0,2,1.0,3.0,AUS,0,,9999.0,0.0,176.0,58.0,2000.0,0.6581196581196581,0.6470588235294118,1.0
26528,2022-01-17,Jannik Sinner,20.422,10.0,127,2022-580,Hard,Joao Sousa,32.802,140.0,R,4.0,ITA,Melbourne,0,0,0,0,1,0.0,,2022,69.00729927007299,9.0,2021-11-04,74.0,2022-01-09,8.0,63.0,0.0,3.0,0.6956521739130435,3.0,0.6694214876033058,0.0,1,0.0,4.0,AUS,0,,9999.0,0.0,140.0,2000.0,58.0,0.6610169491525424,0.65,0.6115702479338843
26618,2022-01-25,Jannik Sinner,20.422,10.0,101,2022-580,Hard,Steve Johnson,32.066,104.0,R,5.0,ITA,Melbourne,0,1,1,0,1,0.0,,2022,68.57971014492753,9.0,2021-11-04,82.0,2022-01-17,8.0,127.0,127.0,4.0,0.6989247311827957,4.0,0.6721311475409836,2.0,2,1.0,1.0,AUS,0,,9999.0,0.0,104.0,140.0,58.0,0.6111111111111112,0.6875,0.6147540983606558
26645,2022-01-28,Jannik Sinner,20.422,10.0,161,2022-580,Hard,Taro Daniel,28.972,120.0,R,6.0,ITA,Melbourne,1,1,0,1,1,0.0,,2022,68.15827338129496,9.0,2021-11-04,85.0,2022-01-25,3.0,101.0,228.0,5.0,0.7021276595744681,5.0,0.6747967479674797,0.0,0,0.5,1.0,AUS,0,,9999.0,0.0,120.0,104.0,58.0,0.631578947368421,0.6528925619834711,1.0
26694,2022-01-30,Jannik Sinner,20.422,10.0,155,2022-580,Hard,Alex de Minaur,22.916,42.0,R,7.0,ITA,Melbourne,0,0,0,0,1,0.0,,2022,67.33333333333333,9.0,2021-11-04,87.0,2022-01-30,0.0,126.0,515.0,7.0,0.6979166666666666,0.0,0.672,2.0,2,1.0,3.0,AUS,0,,9999.0,4.0,42.0,104.0,58.0,0.6638655462184874,0.6557377049180327,0.6178861788617886
26699,2022-01-30,Jannik Sinner,20.422,10.0,126,2022-580,Hard,Stefanos Tsitsipas,23.433,4.0,R,8.0,ITA,Melbourne,3,0,0,0,0,,False,2022,67.74285714285715,9.0,2021-11-04,87.0,2022-01-28,2.0,161.0,389.0,6.0,0.7052631578947368,6.0,0.6774193548387096,1.0,3,0.3333333333333333,3.0,AUS,0,,9999.0,1.0,,104.0,58.0,0.6666666666666666,0.6585365853658537,0.6209677419354839
27110,2022-02-22,Jannik Sinner,20.517,10.0,151,2022-495,Hard,Alejandro Davidovich Fokina,22.716,43.0,R,6.0,ITA,Dubai,1,0,0,0,1,0.0,,2022,66.92957746478874,9.0,2021-11-04,110.0,2022-01-30,23.0,155.0,0.0,8.0,0.7010309278350515,1.0,0.6746031746031746,0.0,0,0.5,2.0,ARE,0,,9999.0,0.0,43.0,2000.0,42.0,0.6611570247933884,0.6532258064516129,0.616
27157,2022-02-25,Jannik Sinner,20.517,10.0,103,2022-495,Hard,Andy Murray,34.773,89.0,R,7.0,ITA,Dubai,0,0,0,0,1,0.0,,2022,66.53146853146853,9.0,2021-11-04,113.0,2022-02-22,3.0,151.0,151.0,9.0,0.7040816326530612,2.0,0.6771653543307087,0.0,1,0.0,6.0,ARE,0,,9999.0,1.0,89.0,43.0,42.0,0.6639344262295082,0.656,0.6190476190476191
27165,2022-02-26,Jannik Sinner,20.517,10.0,84,2022-495,Hard,Hubert Hurkacz,25.027,11.0,R,8.0,ITA,Dubai,2,1,0,0,0,,False,2022,66.13888888888889,9.0,2021-11-04,114.0,2022-02-25,1.0,103.0,254.0,10.0,0.7070707070707071,3.0,0.6796875,1.0,2,0.5,3.0,ARE,0,,9999.0,1.0,,43.0,42.0,0.65,0.6587301587301587,0.6220472440944882
27274,2022-03-12,Jannik Sinner,20.556,10.0,88,2022-404,Hard,Laslo Djere,26.762,52.0,R,5.0,ITA,Indian Wells,0,0,0,0,1,0.0,,2022,65.75172413793103,9.0,2021-11-04,128.0,2022-02-26,14.0,84.0,0.0,11.0,0.7,0.0,0.6744186046511628,0.0,2,0.0,1.0,USA,0,,9999.0,0.0,52.0,2000.0,43.0,0.6666666666666666,0.6535433070866141,0.6171875
27299,2022-03-15,Jannik Sinner,20.556,10.0,157,2022-404,Hard,Benjamin Bonzi,25.741,62.0,R,6.0,ITA,Indian Wells,1,0,0,0,1,0.0,,2022,65.36986301369863,9.0,2021-11-04,131.0,2022-03-12,3.0,88.0,88.0,12.0,0.7029702970297029,1.0,0.676923076923077,1.0,1,1.0,6.0,USA,0,,9999.0,0.0,62.0,52.0,43.0,0.6693548387096774,0.65625,0.6201550387596899
27303,2022-03-16,Jannik Sinner,20.556,10.0,0,2022-404,Hard,Nick Kyrgios,26.861,132.0,R,7.0,ITA,Indian Wells,0,0,0,0,0,,True,2022,64.99319727891157,9.0,2021-11-04,132.0,2022-03-15,1.0,157.0,245.0,13.0,0.7058823529411765,2.0,0.6793893129770993,0.0,0,0.5,6.0,USA,0,,9999.0,1.0,,52.0,43.0,0.672,0.6589147286821705,0.6230769230769231
27392,2022-03-25,Jannik Sinner,20.594,11.0,160,2022-403,Hard,Emil Ruusuvuori,22.968,71.0,R,5.0,ITA,Miami,1,0,0,0,1,0.0,,2022,64.62837837837837,9.0,2021-11-04,141.0,2022-03-16,9.0,0.0,0.0,14.0,0.6990291262135923,0.0,0.6742424242424242,2.0,2,1.0,5.0,USA,0,,9999.0,0.0,71.0,2000.0,52.0,0.6666666666666666,0.6538461538461539,0.6183206106870229
27416,2022-03-28,Jannik Sinner,20.594,11.0,191,2022-403,Hard,Pablo Carreno Busta,30.691,19.0,R,6.0,ITA,Miami,1,0,0,0,1,0.0,,2022,64.26845637583892,9.0,2021-11-04,144.0,2022-03-25,3.0,160.0,160.0,15.0,0.7019230769230769,1.0,0.6766917293233082,0.0,1,0.0,5.0,USA,0,,9999.0,1.0,19.0,71.0,52.0,0.6692913385826772,0.6564885496183206,0.6212121212121212
27440,2022-03-30,Jannik Sinner,20.594,11.0,99,2022-403,Hard,Nick Kyrgios,26.899,102.0,R,7.0,ITA,Miami,0,0,0,1,1,0.0,,2022,63.913333333333334,9.0,2021-11-04,146.0,2022-03-28,2.0,191.0,351.0,16.0,0.7047619047619048,2.0,0.6791044776119403,0.0,1,0.0,5.0,USA,0,,9999.0,2.0,102.0,19.0,19.0,0.671875,0.6590909090909091,1.0
27437,2022-03-30,Jannik Sinner,20.594,11.0,22,2022-403,Hard,Francisco Cerundolo,23.603,103.0,R,8.0,ITA,Miami,2,0,0,1,0,,True,2022,63.562913907284766,9.0,2021-11-04,146.0,2022-03-30,0.0,99.0,450.0,17.0,0.7075471698113207,3.0,0.6814814814814815,0.0,0,0.5,5.0,USA,0,,9999.0,2.0,,19.0,19.0,0.6744186046511628,0.6616541353383458,1.0
27554,2022-04-11,Jannik Sinner,20.652,12.0,147,2022-410,Clay,Borna Coric,25.405,198.0,R,5.0,ITA,Monte Carlo,1,0,0,0,1,0.0,,2022,63.223684210526315,9.0,2021-11-04,158.0,2022-03-30,12.0,22.0,0.0,0.0,0.6216216216216216,0.0,0.6764705882352942,0.0,0,0.5,3.0,MON,0,,9999.0,0.0,198.0,2000.0,19.0,0.6692307692307692,0.6567164179104478,0.6240601503759399
27581,2022-04-14,Jannik Sinner,20.652,12.0,103,2022-410,Clay,Emil Ruusuvuori,23.025,81.0,R,6.0,ITA,Monte Carlo,0,0,0,0,1,0.0,,2022,62.888888888888886,9.0,2021-11-04,161.0,2022-04-11,3.0,147.0,147.0,1.0,0.631578947368421,1.0,0.6788321167883211,3.0,3,1.0,2.0,MON,0,,9999.0,1.0,81.0,198.0,19.0,0.6717557251908397,0.6592592592592592,0.6268656716417911
27593,2022-04-15,Jannik Sinner,20.652,12.0,140,2022-410,Clay,Andrey Rublev,24.474,8.0,R,7.0,ITA,Monte Carlo,1,0,0,0,1,0.0,,2022,62.55844155844156,9.0,2021-11-04,162.0,2022-04-14,1.0,103.0,250.0,2.0,0.6410256410256411,2.0,0.6811594202898551,1.0,2,0.5,2.0,MON,0,,9999.0,1.0,8.0,81.0,19.0,0.6742424242424242,0.6617647058823529,0.6296296296296297
27620,2022-04-16,Jannik Sinner,20.652,12.0,187,2022-410,Clay,Alexander Zverev,24.975,3.0,R,8.0,ITA,Monte Carlo,2,0,0,0,0,,False,2022,62.23225806451613,9.0,2021-11-04,163.0,2022-04-15,1.0,140.0,390.0,3.0,0.65,3.0,0.6834532374100719,1.0,3,0.3333333333333333,0.0,MON,0,,9999.0,2.0,,8.0,8.0,0.6766917293233082,0.6642335766423357,0.6323529411764706
27813,2022-05-02,Jannik Sinner,20.709,12.0,180,2022-1536,Clay,Tommy Paul,24.958,35.0,R,5.0,ITA,Madrid,1,0,0,0,1,0.0,,2022,61.91025641025641,9.0,2021-11-04,179.0,2022-04-16,16.0,187.0,0.0,4.0,0.6341463414634146,0.0,0.6785714285714286,0.0,0,0.5,5.0,ESP,0,,9999.0,0.0,35.0,2000.0,8.0,0.6716417910447762,0.6594202898550725,0.6277372262773723
27842,2022-05-05,Jannik Sinner,20.709,12.0,74,2022-1536,Clay,Alex de Minaur,23.203,22.0,R,6.0,ITA,Madrid,0,0,0,0,1,0.0,,2022,61.59235668789809,9.0,2021-11-04,182.0,2022-05-02,3.0,180.0,180.0,5.0,0.6428571428571429,1.0,0.6808510638297872,3.0,3,1.0,2.0,ESP,0,,9999.0,1.0,22.0,35.0,8.0,0.674074074074074,0.6618705035971223,0.6304347826086957
27853,2022-05-06,Jannik Sinner,20.709,12.0,79,2022-1536,Clay,Felix Auger-Aliassime,21.73,10.0,R,7.0,ITA,Madrid,2,0,0,0,0,,False,2022,61.278481012658226,9.0,2021-11-04,183.0,2022-05-05,1.0,74.0,254.0,6.0,0.6511627906976745,2.0,0.6830985915492958,0.0,0,0.5,0.0,ESP,0,,9999.0,1.0,,22.0,8.0,0.6764705882352942,0.6642857142857143,0.6330935251798561
27898,2022-05-10,Jannik Sinner,20.728,13.0,84,2022-416,Clay,Pedro Martinez,25.035,40.0,R,5.0,ITA,Rome,0,0,0,0,1,0.0,,2022,60.9748427672956,9.0,2021-11-04,187.0,2022-05-06,4.0,79.0,0.0,7.0,0.6363636363636364,0.0,0.6783216783216783,0.0,0,0.5,0.0,ITA,1,,9999.0,0.0,40.0,2000.0,8.0,0.6715328467153284,0.6595744680851063,0.6285714285714286
27919,2022-05-12,Jannik Sinner,20.728,13.0,123,2022-416,Clay,Fabio Fognini,34.96,57.0,R,6.0,ITA,Rome,1,0,0,0,1,0.0,,2022,60.675,9.0,2021-11-04,189.0,2022-05-10,2.0,84.0,84.0,8.0,0.6444444444444445,1.0,0.6805555555555556,0.0,0,0.5,0.0,ITA,1,,9999.0,0.0,57.0,40.0,8.0,0.6739130434782609,0.6619718309859155,0.6312056737588653
27932,2022-05-13,Jannik Sinner,20.728,13.0,101,2022-416,Clay,Filip Krajinovic,30.196,54.0,R,7.0,ITA,Rome,0,0,0,0,1,0.0,,2022,60.37888198757764,9.0,2021-11-04,190.0,2022-05-12,1.0,123.0,207.0,9.0,0.6521739130434783,2.0,0.6827586206896552,1.0,1,1.0,0.0,ITA,1,,9999.0,1.0,54.0,40.0,8.0,0.6762589928057554,0.6643356643356644,0.6338028169014085
27949,2022-05-14,Jannik Sinner,20.728,13.0,147,2022-416,Clay,Stefanos Tsitsipas,23.74,5.0,R,8.0,ITA,Rome,2,0,0,0,0,,False,2022,60.08641975308642,9.0,2021-11-04,191.0,2022-05-13,1.0,101.0,308.0,10.0,0.6595744680851063,3.0,0.684931506849315,1.0,4,0.25,3.0,ITA,1,,9999.0,1.0,,40.0,8.0,0.6785714285714286,0.6666666666666666,0.6363636363636364
28184,2022-05-29,Jannik Sinner,20.767,12.0,0,2022-520,Clay,Bjorn Fratangelo,28.843,185.0,R,4.0,ITA,Paris,0,0,0,0,1,0.0,,2022,59.79141104294479,9.0,2021-11-04,206.0,2022-05-14,15.0,147.0,0.0,11.0,0.6458333333333334,0.0,0.6802721088435374,0.0,0,0.5,0.0,FRA,0,,9999.0,0.0,185.0,2000.0,22.0,0.6737588652482269,0.6620689655172414,0.6319444444444444
28224,2022-06-02,Jannik Sinner,20.767,12.0,0,2022-520,Clay,Roberto Carballes Baena,29.166,89.0,R,5.0,ITA,Paris,1,0,0,0,1,0.0,,2022,59.5,9.0,2021-11-04,210.0,2022-05-29,4.0,0.0,0.0,12.0,0.6530612244897959,1.0,0.6824324324324325,0.0,0,0.5,1.0,FRA,0,,9999.0,0.0,89.0,185.0,22.0,0.676056338028169,0.6643835616438356,0.6344827586206897
28258,2022-06-04,Jannik Sinner,20.767,12.0,0,2022-520,Clay,Mackenzie McDonald,27.102,60.0,R,6.0,ITA,Paris,0,1,0,0,1,0.0,,2022,59.21212121212121,9.0,2021-11-04,212.0,2022-06-02,2.0,0.0,0.0,13.0,0.66,2.0,0.6845637583892618,1.0,1,1.0,3.0,FRA,0,,9999.0,1.0,60.0,89.0,22.0,0.6190476190476191,0.6666666666666666,0.636986301369863
28264,2022-06-05,Jannik Sinner,20.767,12.0,0,2022-520,Clay,Andrey Rublev,24.589,7.0,R,7.0,ITA,Paris,3,0,0,0,0,,True,2022,58.9277108433735,9.0,2021-11-04,213.0,2022-06-04,1.0,0.0,0.0,14.0,0.6666666666666666,3.0,0.6866666666666666,2.0,3,0.6666666666666666,3.0,FRA,0,,9999.0,1.0,,60.0,40.0,0.6783216783216783,0.668918918918919,0.6394557823129252
28473,2022-06-23,Jannik Sinner,20.843,13.0,124,2022-741,Grass,Tommy Paul,25.092,35.0,R,7.0,ITA,Eastbourne,2,0,0,0,0,,False,2022,58.65269461077844,9.0,2021-11-04,231.0,2022-06-05,18.0,0.0,0.0,0.0,0.2857142857142857,0.0,0.6821192052980133,1.0,1,1.0,3.0,GBR,0,,9999.0,0.0,,2000.0,60.0,0.6736111111111112,0.6644295302013423,0.6351351351351351
28613,2022-06-27,Jannik Sinner,20.862,13.0,161,2022-540,Grass,Stan Wawrinka,37.248,267.0,R,4.0,ITA,London,1,0,0,0,1,0.0,,2022,58.38095238095238,9.0,2021-11-04,235.0,2022-06-23,4.0,124.0,0.0,1.0,0.25,0.0,0.6776315789473685,0.0,2,0.0,1.0,GBR,0,,9999.0,0.0,267.0,2000.0,60.0,0.6689655172413793,0.66,0.6308724832214765
28674,2022-07-04,Jannik Sinner,20.862,13.0,183,2022-540,Grass,Mikael Ymer,23.797,88.0,R,5.0,ITA,London,1,0,0,0,1,0.0,,2022,58.112426035502956,9.0,2021-11-04,242.0,2022-06-27,7.0,161.0,161.0,2.0,0.3333333333333333,1.0,0.6797385620915033,2.0,3,0.6666666666666666,1.0,GBR,0,,9999.0,1.0,88.0,267.0,60.0,0.6712328767123288,0.6622516556291391,0.6333333333333333
28702,2022-07-07,Jannik Sinner,20.862,13.0,140,2022-540,Grass,John Isner,37.169,24.0,R,6.0,ITA,London,0,0,0,0,1,0.0,,2022,57.84705882352941,9.0,2021-11-04,245.0,2022-07-04,3.0,183.0,344.0,3.0,0.4,2.0,0.6818181818181818,1.0,2,0.5,1.0,GBR,0,,9999.0,2.0,24.0,88.0,88.0,0.673469387755102,0.6644736842105263,0.6357615894039735
28728,2022-07-09,Jannik Sinner,20.862,13.0,215,2022-540,Grass,Carlos Alcaraz,19.146,7.0,R,7.0,ITA,London,1,0,0,0,1,0.0,,2022,57.58479532163743,9.0,2021-11-04,247.0,2022-07-07,2.0,140.0,484.0,4.0,0.45454545454545453,3.0,0.6838709677419355,0.0,1,0.0,1.0,GBR,0,,9999.0,2.0,7.0,24.0,24.0,0.6756756756756757,0.6666666666666666,0.6381578947368421
28745,2022-07-10,Jannik Sinner,20.862,13.0,215,2022-540,Grass,Novak Djokovic,35.099,3.0,R,8.0,ITA,London,3,0,0,0,0,,False,2022,57.325581395348834,9.0,2021-11-04,248.0,2022-07-09,1.0,215.0,699.0,5.0,0.5,4.0,0.6858974358974359,0.0,1,0.0,1.0,GBR,0,,9999.0,3.0,,7.0,7.0,0.6778523489932886,0.6688311688311688,0.6405228758169934
28964,2022-07-27,Jannik Sinner,20.939,10.0,116,2022-439,Clay,Jaume Munar,25.221,59.0,R,7.0,ITA,Umag,0,1,1,0,1,0.0,,2022,57.052023121387286,9.0,2021-11-04,265.0,2022-07-10,17.0,215.0,0.0,15.0,0.6538461538461539,0.0,0.6815286624203821,0.0,0,0.5,1.0,CRO,0,,9999.0,0.0,59.0,2000.0,7.0,0.6363636363636364,0.7058823529411765,0.6363636363636364
28996,2022-07-29,Jannik Sinner,20.939,10.0,138,2022-439,Clay,Roberto Carballes Baena,29.339,86.0,R,8.0,ITA,Umag,0,1,1,0,1,0.0,,2022,56.7816091954023,9.0,2021-11-04,267.0,2022-07-27,2.0,116.0,116.0,16.0,0.660377358490566,1.0,0.6835443037974683,1.0,1,1.0,1.0,CRO,0,,9999.0,0.0,86.0,59.0,7.0,0.6521739130434783,0.7222222222222222,0.6387096774193548
29016,2022-07-30,Jannik Sinner,20.939,10.0,86,2022-439,Clay,Franco Agamenone,29.276,136.0,R,9.0,ITA,Umag,0,0,0,0,1,0.0,,2022,56.51428571428571,9.0,2021-11-04,268.0,2022-07-29,1.0,138.0,254.0,17.0,0.6666666666666666,2.0,0.6855345911949685,0.0,0,0.5,1.0,CRO,0,,9999.0,0.0,136.0,59.0,7.0,0.6733333333333333,0.6645161290322581,0.6410256410256411
29041,2022-07-31,Jannik Sinner,20.939,10.0,145,2022-439,Clay,Carlos Alcaraz,19.222,5.0,R,11.0,ITA,Umag,1,0,1,0,1,0.0,,2022,56.25,9.0,2021-11-04,269.0,2022-07-30,1.0,86.0,340.0,18.0,0.6727272727272727,3.0,0.6875,1.0,2,0.5,1.0,CRO,0,,9999.0,0.0,5.0,59.0,7.0,0.6754966887417219,0.7368421052631579,0.643312101910828
29169,2022-08-11,Jannik Sinner,20.977,12.0,125,2022-421,Hard,Adrian Mannarino,34.108,70.0,L,6.0,ITA,Toronto,1,0,0,1,1,0.0,,2022,56.0,9.0,2021-11-04,280.0,2022-07-31,11.0,145.0,0.0,18.0,0.7009345794392523,0.0,0.5333333333333333,1.0,1,1.0,6.0,CAN,0,,9999.0,0.0,70.0,2000.0,5.0,0.6776315789473685,0.6666666666666666,0.9444444444444444
29191,2022-08-12,Jannik Sinner,20.977,12.0,84,2022-421,Hard,Pablo Carreno Busta,31.075,23.0,R,7.0,ITA,Toronto,2,0,0,0,0,,False,2022,55.752808988764045,9.0,2021-11-04,281.0,2022-08-11,1.0,125.0,125.0,19.0,0.7037037037037037,1.0,0.6894409937888198,1.0,2,0.5,1.0,CAN,0,,9999.0,1.0,,70.0,5.0,0.6797385620915033,0.6687898089171974,0.6455696202531646
29222,2022-08-15,Jannik Sinner,20.997,12.0,194,2022-422,Hard,Thanasi Kokkinakis,26.346,75.0,R,5.0,ITA,Cincinnati,1,0,0,0,1,0.0,,2022,55.50837988826816,9.0,2021-11-04,284.0,2022-08-12,3.0,84.0,0.0,20.0,0.6972477064220184,0.0,0.6851851851851852,0.0,0,0.5,1.0,USA,0,,9999.0,0.0,75.0,2000.0,5.0,0.6753246753246753,0.6645569620253164,0.6415094339622641
29250,2022-08-18,Jannik Sinner,20.997,12.0,75,2022-422,Hard,Miomir Kecmanovic,22.957,36.0,R,6.0,ITA,Cincinnati,0,0,0,0,1,0.0,,2022,55.266666666666666,9.0,2021-11-04,287.0,2022-08-15,3.0,194.0,194.0,21.0,0.7,1.0,0.6871165644171779,2.0,2,1.0,2.0,USA,0,,9999.0,1.0,36.0,75.0,5.0,0.6774193548387096,0.6666666666666666,0.64375
29261,2022-08-19,Jannik Sinner,20.997,12.0,146,2022-422,Hard,Felix Auger-Aliassime,22.018,9.0,R,7.0,ITA,Cincinnati,2,1,0,0,0,,False,2022,55.027624309392266,9.0,2021-11-04,288.0,2022-08-18,1.0,75.0,269.0,22.0,0.7027027027027027,2.0,0.6890243902439024,0.0,1,0.0,2.0,USA,0,,9999.0,1.0,,36.0,5.0,0.6666666666666666,0.66875,0.6459627329192547
29482,2022-09-02,Jannik Sinner,21.035,13.0,215,2022-560,Hard,Daniel Altmaier,23.962,93.0,R,4.0,ITA,New York,2,0,0,0,1,0.0,,2022,54.7967032967033,9.0,2021-11-04,302.0,2022-08-19,14.0,146.0,0.0,23.0,0.6964285714285714,0.0,0.6848484848484848,0.0,0,0.5,1.0,USA,0,,9999.0,0.0,93.0,2000.0,36.0,0.6794871794871795,0.6645962732919255,0.6419753086419753
29523,2022-09-07,Jannik Sinner,21.035,13.0,144,2022-560,Hard,Christopher Eubanks,26.316,145.0,R,5.0,ITA,New York,0,0,0,1,1,0.0,,2022,54.568306010928964,9.0,2021-11-04,307.0,2022-09-02,5.0,215.0,215.0,24.0,0.6991150442477876,1.0,0.6867469879518072,0.0,0,0.5,4.0,USA,0,,9999.0,2.0,145.0,93.0,36.0,0.6815286624203821,0.6666666666666666,0.9473684210526315
29548,2022-09-09,Jannik Sinner,21.035,13.0,179,2022-560,Hard,Brandon Nakashima,21.07,69.0,R,6.0,ITA,New York,1,0,0,0,1,0.0,,2022,54.34239130434783,9.0,2021-11-04,309.0,2022-09-07,2.0,144.0,359.0,25.0,0.7017543859649122,2.0,0.688622754491018,0.0,0,0.5,4.0,USA,0,,9999.0,2.0,69.0,93.0,36.0,0.6835443037974683,0.6687116564417178,0.6441717791411042
29557,2022-09-10,Jannik Sinner,21.035,13.0,228,2022-560,Hard,Ilya Ivashka,28.509,73.0,R,7.0,ITA,New York,2,0,0,0,1,0.0,,2022,54.11891891891892,9.0,2021-11-04,310.0,2022-09-09,1.0,179.0,538.0,26.0,0.7043478260869566,3.0,0.6904761904761905,0.0,0,0.5,4.0,USA,0,,9999.0,3.0,73.0,69.0,36.0,0.6855345911949685,0.6707317073170732,0.6463414634146342
29568,2022-09-11,Jannik Sinner,21.035,13.0,315,2022-560,Hard,Carlos Alcaraz,19.318,4.0,R,8.0,ITA,New York,3,0,0,0,0,,False,2022,53.89784946236559,9.0,2021-11-04,311.0,2022-09-10,1.0,228.0,766.0,27.0,0.7068965517241379,4.0,0.6923076923076923,2.0,3,0.6666666666666666,4.0,USA,0,,9999.0,5.0,,69.0,36.0,0.6875,0.6727272727272727,0.6484848484848484
29750,2022-09-30,Jannik Sinner,21.112,10.0,85,2022-7434,Hard,Nuno Borges,25.599,93.0,R,7.0,ITA,Sofia,0,0,0,0,1,0.0,,2022,53.663101604278076,9.0,2021-11-04,330.0,2022-09-11,19.0,315.0,0.0,28.0,0.7008547008547008,0.0,0.6882352941176471,0.0,0,0.5,3.0,BUL,0,,9999.0,0.0,93.0,2000.0,69.0,0.6832298136645962,0.6686746987951807,0.6445783132530121
29770,2022-10-01,Jannik Sinner,21.112,10.0,80,2022-7434,Hard,Aleksandar Vukic,26.472,144.0,R,8.0,ITA,Sofia,0,0,0,0,1,0.0,,2022,53.430851063829785,9.0,2021-11-04,331.0,2022-09-30,1.0,85.0,85.0,29.0,0.7033898305084746,1.0,0.6900584795321637,1.0,1,1.0,4.0,BUL,0,,9999.0,0.0,144.0,93.0,69.0,0.6851851851851852,0.6706586826347305,0.6467065868263473
29759,2022-10-01,Jannik Sinner,21.112,10.0,149,2022-7434,Hard,Holger Rune,19.411,31.0,R,9.0,ITA,Sofia,2,0,0,0,0,,True,2022,53.2010582010582,9.0,2021-11-04,331.0,2022-10-01,0.0,80.0,165.0,30.0,0.7058823529411765,2.0,0.6918604651162791,0.0,0,0.5,2.0,BUL,0,,9999.0,0.0,,93.0,69.0,0.6871165644171779,0.6726190476190477,0.6488095238095238
30101,2022-10-26,Jannik Sinner,21.188,12.0,73,2022-337,Hard,Cristian Garin,26.401,86.0,R,6.0,ITA,Vienna,0,0,0,0,1,0.0,,2022,52.98421052631579,9.0,2021-11-04,356.0,2022-10-01,25.0,149.0,0.0,31.0,0.7,0.0,0.6878612716763006,0.0,0,0.5,1.0,AUT,0,,9999.0,0.0,86.0,2000.0,93.0,0.6829268292682927,0.6686390532544378,0.6449704142011834
30126,2022-10-29,Jannik Sinner,21.188,12.0,89,2022-337,Hard,Francisco Cerundolo,24.197,29.0,R,7.0,ITA,Vienna,0,0,0,0,1,0.0,,2022,52.769633507853406,9.0,2021-11-04,359.0,2022-10-26,3.0,73.0,73.0,32.0,0.7024793388429752,1.0,0.6896551724137931,0.0,1,0.0,5.0,AUT,0,,9999.0,0.0,29.0,86.0,86.0,0.6848484848484848,0.6705882352941176,0.6470588235294118
30155,2022-10-30,Jannik Sinner,21.188,12.0,90,2022-337,Hard,Daniil Medvedev,26.7,4.0,R,8.0,ITA,Vienna,2,0,0,0,0,,False,2022,52.557291666666664,9.0,2021-11-04,360.0,2022-10-29,1.0,89.0,162.0,33.0,0.7049180327868853,2.0,0.6914285714285714,0.0,3,0.0,2.0,AUT,0,,9999.0,0.0,,29.0,29.0,0.6867469879518072,0.672514619883041,0.6491228070175439
30170,2022-11-01,Jannik Sinner,21.207,12.0,68,2022-352,Hard,Marc-Andrea Huesler,26.352,61.0,L,5.0,ITA,Paris Masters,2,0,0,0,0,,False,2022,52.347150259067355,9.0,2021-11-04,362.0,2022-10-30,2.0,90.0,0.0,34.0,0.6991869918699187,0.0,0.5625,1.0,1,1.0,3.0,,0,,9999.0,0.0,,2000.0,29.0,0.6826347305389222,0.6686046511627907,0.6453488372093024
30285,2023-01-03,Jannik Sinner,21.38,15.0,65,2023-2843,Hard,Kyle Edmund,27.984,582.0,R,6.0,ITA,Adelaide,0,0,0,1,1,0.0,,2023,52.154639175257735,9.0,2021-11-04,425.0,2022-11-01,63.0,68.0,0.0,0.0,0.6935483870967742,0.0,0.6875,0.0,0,0.5,1.0,AUS,0,,9999.0,0.0,582.0,2000.0,2000.0,0.6785714285714286,0.6647398843930635,0.95
30323,2023-01-06,Jannik Sinner,21.38,15.0,122,2023-2843,Hard,Thanasi Kokkinakis,26.73,93.0,R,7.0,ITA,Adelaide,0,0,0,0,1,0.0,,2023,51.96410256410256,9.0,2021-11-04,428.0,2023-01-03,3.0,65.0,65.0,1.0,0.696,1.0,0.6892655367231638,1.0,1,1.0,2.0,AUS,0,,9999.0,0.0,93.0,582.0,582.0,0.6804733727810651,0.6666666666666666,0.6416184971098265
30343,2023-01-07,Jannik Sinner,21.38,15.0,86,2023-2843,Hard,Sebastian Korda,22.494,33.0,R,8.0,ITA,Adelaide,2,1,1,0,0,,False,2023,51.775510204081634,9.0,2021-11-04,429.0,2023-01-06,1.0,122.0,187.0,2.0,0.6984126984126984,2.0,0.6910112359550562,1.0,1,1.0,1.0,AUS,0,,9999.0,0.0,,93.0,93.0,0.64,0.75,0.6436781609195402
30588,2023-01-18,Jannik Sinner,21.418,16.0,116,2023-580,Hard,Kyle Edmund,28.022,581.0,R,4.0,ITA,Melbourne,0,0,0,0,1,0.0,,2023,51.59390862944162,9.0,2021-11-04,440.0,2023-01-07,11.0,86.0,0.0,3.0,0.6929133858267716,0.0,0.6871508379888268,1.0,1,1.0,1.0,AUS,0,,9999.0,0.0,581.0,2000.0,93.0,0.6823529411764706,0.6685714285714286,0.64
30643,2023-01-24,Jannik Sinner,21.418,16.0,104,2023-580,Hard,Tomas Martin Etcheverry,23.499,79.0,R,5.0,ITA,Melbourne,0,0,0,0,1,0.0,,2023,51.41414141414141,9.0,2021-11-04,446.0,2023-01-18,6.0,116.0,116.0,4.0,0.6953125,1.0,0.6888888888888889,0.0,0,0.5,4.0,AUS,0,,9999.0,0.0,79.0,581.0,93.0,0.6842105263157895,0.6704545454545454,0.6420454545454546
30667,2023-01-27,Jannik Sinner,21.418,16.0,213,2023-580,Hard,Marton Fucsovics,30.938,78.0,R,6.0,ITA,Melbourne,2,0,0,0,1,0.0,,2023,51.23618090452261,9.0,2021-11-04,449.0,2023-01-24,3.0,104.0,220.0,5.0,0.6976744186046512,2.0,0.6906077348066298,1.0,3,0.3333333333333333,4.0,AUS,0,,9999.0,0.0,78.0,79.0,79.0,0.686046511627907,0.672316384180791,0.6440677966101694
30677,2023-01-28,Jannik Sinner,21.418,16.0,240,2023-580,Hard,Stefanos Tsitsipas,24.43,4.0,R,7.0,ITA,Melbourne,3,1,0,1,0,,False,2023,51.06,9.0,2021-11-04,450.0,2023-01-27,1.0,213.0,433.0,6.0,0.7,3.0,0.6923076923076923,1.0,5,0.2,4.0,AUS,0,,9999.0,2.0,,78.0,78.0,0.6153846153846154,0.6741573033707865,0.9523809523809523
30761,2023-02-08,Jannik Sinner,21.476,17.0,0,2023-375,Hard,Marton Fucsovics,30.995,69.0,R,7.0,ITA,Montpellier,0,0,0,0,1,0.0,,2023,50.89054726368159,9.0,2021-11-04,461.0,2023-01-28,11.0,240.0,0.0,7.0,0.6946564885496184,0.0,0.6885245901639344,2.0,4,0.5,3.0,FRA,0,,9999.0,0.0,69.0,2000.0,78.0,0.6878612716763006,0.6703910614525139,0.6460674157303371
30782,2023-02-10,Jannik Sinner,21.476,17.0,95,2023-375,Hard,Lorenzo Sonego,27.743,56.0,R,8.0,ITA,Montpellier,0,0,0,0,1,0.0,,2023,50.722772277227726,9.0,2021-11-04,463.0,2023-02-08,2.0,0.0,0.0,8.0,0.696969696969697,1.0,0.6902173913043478,0.0,0,0.5,1.0,FRA,0,,9999.0,0.0,56.0,69.0,69.0,0.6896551724137931,0.6722222222222223,0.6480446927374302
30800,2023-02-11,Jannik Sinner,21.476,17.0,94,2023-375,Hard,Arthur Fils,18.653,163.0,R,9.0,ITA,Montpellier,0,0,0,0,1,0.0,,2023,50.556650246305416,9.0,2021-11-04,464.0,2023-02-10,1.0,95.0,95.0,9.0,0.6992481203007519,2.0,0.6918918918918919,0.0,0,0.5,0.0,FRA,0,,9999.0,0.0,163.0,56.0,56.0,0.6914285714285714,0.6740331491712708,0.65
30837,2023-02-12,Jannik Sinner,21.476,17.0,96,2023-375,Hard,Maxime Cressy,25.749,51.0,R,11.0,ITA,Montpellier,0,0,0,0,1,0.0,,2023,50.3921568627451,9.0,2021-11-04,465.0,2023-02-11,1.0,94.0,189.0,10.0,0.7014925373134329,3.0,0.6935483870967742,0.0,0,0.5,1.0,FRA,0,,9999.0,0.0,51.0,56.0,56.0,0.6931818181818182,0.6758241758241759,0.6519337016574586
30896,2023-02-16,Jannik Sinner,21.495,14.0,124,2023-407,Hard,Benjamin Bonzi,26.68,48.0,R,6.0,ITA,Rotterdam,1,0,0,0,1,0.0,,2023,50.21463414634146,9.0,2021-11-04,469.0,2023-02-12,4.0,96.0,0.0,11.0,0.7037037037037037,4.0,0.6951871657754011,2.0,2,1.0,3.0,NED,0,,9999.0,0.0,48.0,2000.0,51.0,0.6949152542372882,0.6775956284153005,0.6538461538461539
30915,2023-02-18,Jannik Sinner,21.495,14.0,81,2023-407,Hard,Stefanos Tsitsipas,24.507,3.0,R,7.0,ITA,Rotterdam,0,0,0,0,1,0.0,,2023,50.03883495145631,9.0,2021-11-04,471.0,2023-02-16,2.0,124.0,124.0,12.0,0.7058823529411765,5.0,0.6968085106382979,1.0,6,0.16666666666666666,1.0,NED,0,,9999.0,1.0,3.0,48.0,48.0,0.6966292134831461,0.6793478260869565,0.6557377049180327
30961,2023-02-19,Jannik Sinner,21.495,14.0,72,2023-407,Hard,Stan Wawrinka,37.881,130.0,R,8.0,ITA,Rotterdam,0,0,0,0,1,0.0,,2023,49.69230769230769,9.0,2021-11-04,472.0,2023-02-19,0.0,116.0,321.0,14.0,0.7101449275362319,7.0,0.7,1.0,3,0.3333333333333333,1.0,NED,0,,9999.0,1.0,130.0,3.0,3.0,0.6983240223463687,0.6810810810810811,0.657608695652174
30959,2023-02-19,Jannik Sinner,21.495,14.0,116,2023-407,Hard,Tallon Griekspoor,26.617,61.0,R,9.0,ITA,Rotterdam,0,0,0,0,1,0.0,,2023,49.86473429951691,9.0,2021-11-04,472.0,2023-02-18,1.0,81.0,205.0,13.0,0.708029197080292,6.0,0.6984126984126984,0.0,0,0.5,1.0,NED,0,,9999.0,1.0,61.0,3.0,3.0,0.7,0.6827956989247311,0.6594594594594595
30965,2023-02-19,Jannik Sinner,21.495,14.0,149,2023-407,Hard,Daniil Medvedev,27.006,11.0,R,10.0,ITA,Rotterdam,2,0,0,0,0,,False,2023,49.52153110047847,9.0,2021-11-04,472.0,2023-02-19,0.0,72.0,393.0,15.0,0.7122302158273381,8.0,0.7015706806282722,0.0,4,0.0,1.0,NED,0,,9999.0,1.0,,3.0,3.0,0.7016574585635359,0.6844919786096256,0.6612903225806451
30993,2023-02-22,Jannik Sinner,21.514,12.0,0,2023-496,Hard,Arthur Fils,18.691,118.0,R,7.0,ITA,Marseille,0,0,0,0,0,,True,2023,49.34285714285714,9.0,2021-11-04,475.0,2023-02-19,3.0,149.0,0.0,16.0,0.7071428571428572,0.0,0.6979166666666666,1.0,1,1.0,3.0,FRA,0,,9999.0,0.0,,2000.0,3.0,0.6978021978021978,0.6808510638297872,0.6577540106951871
31263,2023-03-11,Jannik Sinner,21.552,13.0,94,2023-404,Hard,Richard Gasquet,36.715,43.0,R,5.0,ITA,Indian Wells,0,0,0,0,1,0.0,,2023,49.170616113744074,9.0,2021-11-04,492.0,2023-02-22,17.0,0.0,0.0,17.0,0.7021276595744681,0.0,0.694300518134715,0.0,0,0.5,2.0,USA,0,,9999.0,0.0,43.0,2000.0,3.0,0.6939890710382514,0.6772486772486772,0.6542553191489362
31291,2023-03-14,Jannik Sinner,21.552,13.0,107,2023-404,Hard,Adrian Mannarino,34.683,68.0,L,6.0,ITA,Indian Wells,0,0,0,0,1,0.0,,2023,49.0,9.0,2021-11-04,495.0,2023-03-11,3.0,94.0,94.0,18.0,0.704225352112676,1.0,0.5294117647058824,2.0,2,1.0,3.0,USA,0,,9999.0,0.0,68.0,43.0,3.0,0.6956521739130435,0.6789473684210526,0.656084656084656
31299,2023-03-15,Jannik Sinner,21.552,13.0,98,2023-404,Hard,Stan Wawrinka,37.938,100.0,R,7.0,ITA,Indian Wells,0,0,0,0,1,0.0,,2023,48.83098591549296,9.0,2021-11-04,496.0,2023-03-14,1.0,107.0,201.0,19.0,0.7062937062937062,2.0,0.6958762886597938,2.0,4,0.5,3.0,USA,0,,9999.0,0.0,100.0,43.0,3.0,0.6972972972972973,0.680628272251309,0.6578947368421053
31307,2023-03-16,Jannik Sinner,21.552,13.0,137,2023-404,Hard,Taylor Fritz,25.352,5.0,R,8.0,ITA,Indian Wells,1,0,0,0,1,0.0,,2023,48.49767441860465,9.0,2021-11-04,497.0,2023-03-16,0.0,112.0,411.0,21.0,0.7034482758620689,0.0,0.6938775510204082,0.0,1,0.0,3.0,USA,0,,9999.0,2.0,5.0,43.0,3.0,0.6989247311827957,0.6822916666666666,0.6596858638743456
31304,2023-03-16,Jannik Sinner,21.552,13.0,112,2023-404,Hard,Carlos Alcaraz,19.836,2.0,R,9.0,ITA,Indian Wells,2,0,0,0,0,,False,2023,48.66355140186916,9.0,2021-11-04,497.0,2023-03-15,1.0,98.0,299.0,20.0,0.7083333333333334,3.0,0.6974358974358974,2.0,4,0.5,3.0,USA,0,,9999.0,0.0,,43.0,3.0,0.7005347593582888,0.6839378238341969,0.6614583333333334
31391,2023-03-25,Jannik Sinner,21.591,11.0,83,2023-403,Hard,Laslo Djere,27.797,58.0,R,5.0,ITA,Miami,0,1,1,0,1,0.0,,2023,48.324074074074076,9.0,2021-11-04,506.0,2023-03-16,9.0,137.0,0.0,22.0,0.7054794520547946,1.0,0.6954314720812182,1.0,3,0.3333333333333333,4.0,USA,0,,9999.0,0.0,58.0,2000.0,5.0,0.5925925925925926,0.7142857142857143,0.6580310880829016
31417,2023-03-28,Jannik Sinner,21.591,11.0,87,2023-403,Hard,Grigor Dimitrov,31.844,27.0,R,6.0,ITA,Miami,0,1,1,0,1,0.0,,2023,48.1520737327189,9.0,2021-11-04,509.0,2023-03-25,3.0,83.0,83.0,23.0,0.7074829931972789,2.0,0.696969696969697,0.0,1,0.0,3.0,USA,0,,9999.0,0.0,27.0,58.0,5.0,0.6071428571428571,0.7272727272727273,0.6597938144329897
31427,2023-03-29,Jannik Sinner,21.591,11.0,72,2023-403,Hard,Andrey Rublev,25.413,7.0,R,7.0,ITA,Miami,0,1,1,0,1,0.0,,2023,47.981651376146786,9.0,2021-11-04,510.0,2023-03-28,1.0,87.0,170.0,24.0,0.7094594594594594,3.0,0.6984924623115578,2.0,4,0.5,3.0,USA,0,,9999.0,0.0,7.0,27.0,5.0,0.6206896551724138,0.7391304347826086,0.6615384615384615
31436,2023-03-30,Jannik Sinner,21.591,11.0,74,2023-403,Hard,Emil Ruusuvuori,23.964,54.0,R,8.0,ITA,Miami,0,0,0,0,1,0.0,,2023,47.64545454545455,9.0,2021-11-04,511.0,2023-03-30,0.0,181.0,423.0,26.0,0.7133333333333334,5.0,0.7014925373134329,4.0,4,1.0,3.0,USA,0,,9999.0,1.0,54.0,1.0,5.0,0.6968085106382979,0.6804123711340206,0.6632653061224489
31438,2023-03-30,Jannik Sinner,21.591,11.0,181,2023-403,Hard,Carlos Alcaraz,19.874,1.0,R,9.0,ITA,Miami,1,0,0,0,1,0.0,,2023,47.81278538812786,9.0,2021-11-04,511.0,2023-03-29,1.0,72.0,242.0,25.0,0.7114093959731543,4.0,0.7,2.0,5,0.4,3.0,USA,0,,9999.0,0.0,1.0,7.0,5.0,0.6984126984126984,0.6820512820512821,0.6649746192893401
31437,2023-03-30,Jannik Sinner,21.591,11.0,94,2023-403,Hard,Daniil Medvedev,27.102,5.0,R,10.0,ITA,Miami,2,0,0,0,0,,False,2023,47.47963800904977,9.0,2021-11-04,511.0,2023-03-30,0.0,74.0,497.0,27.0,0.7152317880794702,6.0,0.7029702970297029,0.0,5,0.0,3.0,USA,0,,9999.0,1.0,,1.0,5.0,0.7,0.6836734693877551,0.6666666666666666
31613,2023-04-14,Jannik Sinner,21.648,8.0,42,2023-410,Clay,Diego Schwartzman,30.648,37.0,R,6.0,ITA,Monte Carlo,0,0,0,1,1,0.0,,2023,47.3018018018018,8.0,2023-04-14,0.0,2023-03-30,15.0,94.0,0.0,0.0,0.6785714285714286,4.0,0.6995073891625616,1.0,1,1.0,5.0,MON,0,,9999.0,0.0,37.0,2000.0,1.0,0.6963350785340314,0.6802030456852792,0.9090909090909091
31627,2023-04-15,Jannik Sinner,21.648,8.0,147,2023-410,Clay,Hubert Hurkacz,26.157,13.0,R,7.0,ITA,Monte Carlo,1,0,0,1,1,0.0,,2023,47.125560538116595,8.0,2023-04-15,0.0,2023-04-14,1.0,42.0,42.0,1.0,0.6842105263157895,5.0,0.7009803921568627,1.0,3,0.3333333333333333,1.0,MON,0,,9999.0,0.0,13.0,37.0,1.0,0.6979166666666666,0.6818181818181818,0.9130434782608695
31622,2023-04-15,Jannik Sinner,21.648,8.0,75,2023-410,Clay,Lorenzo Musetti,21.103,21.0,R,8.0,ITA,Monte Carlo,0,0,0,1,1,0.0,,2023,46.950892857142854,8.0,2023-04-15,0.0,2023-04-15,0.0,147.0,189.0,2.0,0.6896551724137931,6.0,0.7024390243902439,1.0,1,1.0,0.0,MON,0,,9999.0,1.0,21.0,13.0,1.0,0.6994818652849741,0.6834170854271356,0.9166666666666666
31672,2023-04-16,Jannik Sinner,21.648,8.0,166,2023-410,Clay,Holger Rune,19.948,9.0,R,9.0,ITA,Monte Carlo,2,0,0,1,0,,False,2023,46.77777777777778,8.0,2023-04-16,0.0,2023-04-15,1.0,75.0,264.0,3.0,0.6949152542372882,7.0,0.7038834951456311,0.0,1,0.0,3.0,MON,0,,9999.0,1.0,,13.0,1.0,0.7010309278350515,0.685,0.92
31712,2023-04-19,Jannik Sinner,21.667,8.0,100,2023-425,Clay,Diego Schwartzman,30.667,48.0,R,6.0,ITA,Barcelona,0,0,0,0,1,0.0,,2023,46.60619469026549,8.0,2023-04-19,0.0,2023-04-16,3.0,166.0,0.0,4.0,0.6833333333333333,0.0,0.7004830917874396,2.0,2,1.0,1.0,ESP,0,,9999.0,0.0,48.0,2000.0,1.0,0.6974358974358974,0.681592039800995,0.6633165829145728
31726,2023-04-20,Jannik Sinner,21.667,8.0,128,2023-425,Clay,Yoshihito Nishioka,27.554,35.0,L,7.0,ITA,Barcelona,1,0,0,0,1,0.0,,2023,46.436123348017624,8.0,2023-04-20,0.0,2023-04-19,1.0,100.0,100.0,5.0,0.6885245901639344,1.0,0.5555555555555556,0.0,0,0.5,1.0,ESP,0,,9999.0,0.0,35.0,48.0,1.0,0.6989795918367347,0.6831683168316832,0.665
31752,2023-04-21,Jannik Sinner,21.667,8.0,0,2023-425,Clay,Lorenzo Musetti,21.123,20.0,R,8.0,ITA,Barcelona,0,0,0,0,0,,True,2023,46.26754385964912,8.0,2023-04-21,0.0,2023-04-20,1.0,128.0,228.0,6.0,0.6935483870967742,2.0,0.7019230769230769,2.0,2,1.0,3.0,ESP,0,,9999.0,1.0,,35.0,1.0,0.700507614213198,0.6847290640394089,0.6666666666666666
31992,2023-05-13,Jannik Sinner,21.725,8.0,78,2023-416,Clay,Thanasi Kokkinakis,27.075,104.0,R,5.0,ITA,Rome,0,0,0,0,1,0.0,,2023,46.10043668122271,8.0,2023-05-13,0.0,2023-04-21,22.0,0.0,0.0,7.0,0.6825396825396826,0.0,0.6985645933014354,2.0,2,1.0,0.0,ITA,1,,9999.0,0.0,104.0,2000.0,13.0,0.696969696969697,0.6813725490196079,0.6633663366336634
32015,2023-05-16,Jannik Sinner,21.725,8.0,132,2023-416,Clay,Alexander Shevchenko,22.437,93.0,R,6.0,ITA,Rome,1,0,0,0,1,0.0,,2023,45.93478260869565,8.0,2023-05-16,0.0,2023-05-13,3.0,78.0,78.0,8.0,0.6875,1.0,0.7,0.0,0,0.5,2.0,ITA,1,,9999.0,0.0,93.0,104.0,35.0,0.6984924623115578,0.6829268292682927,0.6650246305418719
32030,2023-05-17,Jannik Sinner,21.725,8.0,145,2023-416,Clay,Francisco Cerundolo,24.734,31.0,R,7.0,ITA,Rome,2,0,0,0,0,,False,2023,45.77056277056277,8.0,2023-05-17,0.0,2023-05-16,1.0,132.0,210.0,9.0,0.6923076923076923,2.0,0.7014218009478673,1.0,2,0.5,2.0,ITA,1,,9999.0,1.0,,93.0,35.0,0.7,0.6844660194174758,0.6666666666666666
32280,2023-06-03,Jannik Sinner,21.782,9.0,106,2023-520,Clay,Alexandre Muller,26.319,101.0,R,4.0,ITA,Paris,0,0,0,0,1,0.0,,2023,45.61206896551724,8.0,2023-05-17,17.0,2023-05-17,17.0,145.0,0.0,10.0,0.6818181818181818,0.0,0.6981132075471698,0.0,0,0.5,4.0,FRA,0,,9999.0,0.0,101.0,2000.0,93.0,0.6965174129353234,0.6811594202898551,0.6634146341463415
32309,2023-06-07,Jannik Sinner,21.782,9.0,326,2023-520,Clay,Daniel Altmaier,24.709,79.0,R,5.0,ITA,Paris,3,0,0,0,0,,False,2023,45.4549356223176,8.0,2023-05-17,21.0,2023-06-03,4.0,106.0,106.0,11.0,0.6865671641791045,1.0,0.6995305164319249,1.0,1,1.0,1.0,FRA,0,,9999.0,0.0,,101.0,93.0,0.698019801980198,0.6826923076923077,0.6650485436893204
32399,2023-06-14,Jannik Sinner,21.821,9.0,83,2023-440,Grass,Alexander Bublik,25.985,47.0,R,7.0,ITA,s-Hertogenbosch,0,0,0,0,1,0.0,,2023,45.2991452991453,8.0,2023-05-17,28.0,2023-06-07,7.0,326.0,0.0,0.0,0.46153846153846156,0.0,0.6962616822429907,2.0,2,1.0,2.0,NED,0,,9999.0,0.0,47.0,2000.0,93.0,0.6945812807881774,0.6794258373205742,0.6618357487922706
32417,2023-06-16,Jannik Sinner,21.821,9.0,80,2023-440,Grass,Emil Ruusuvuori,24.194,42.0,R,8.0,ITA,s-Hertogenbosch,2,0,0,0,0,,False,2023,45.14468085106383,8.0,2023-05-17,30.0,2023-06-14,2.0,83.0,83.0,1.0,0.5,1.0,0.6976744186046512,5.0,5,1.0,1.0,NED,0,,9999.0,0.0,,47.0,47.0,0.696078431372549,0.680952380952381,0.6634615384615384
32467,2023-06-20,Jannik Sinner,21.84,9.0,148,2023-500,Grass,Richard Gasquet,37.002,49.0,R,6.0,ITA,Halle,1,0,0,0,1,0.0,,2023,44.99152542372882,8.0,2023-05-17,34.0,2023-06-16,4.0,80.0,0.0,2.0,0.4666666666666667,0.0,0.6944444444444444,1.0,1,1.0,0.0,GER,0,,9999.0,0.0,49.0,2000.0,47.0,0.6926829268292682,0.6777251184834123,0.6602870813397129
32508,2023-06-23,Jannik Sinner,21.84,9.0,172,2023-500,Grass,Lorenzo Sonego,28.107,39.0,R,7.0,ITA,Halle,1,0,0,0,1,0.0,,2023,44.83966244725738,8.0,2023-05-17,37.0,2023-06-20,3.0,148.0,148.0,3.0,0.5,1.0,0.695852534562212,1.0,1,1.0,0.0,GER,0,,9999.0,1.0,39.0,49.0,47.0,0.6941747572815534,0.6792452830188679,0.6619047619047619
32512,2023-06-24,Jannik Sinner,21.84,9.0,57,2023-500,Grass,Alexander Bublik,26.004,48.0,R,8.0,ITA,Halle,2,0,0,0,0,,True,2023,44.6890756302521,8.0,2023-05-17,38.0,2023-06-23,1.0,172.0,320.0,4.0,0.5294117647058824,2.0,0.6972477064220184,3.0,3,1.0,1.0,GER,0,,9999.0,2.0,,39.0,39.0,0.6956521739130435,0.6807511737089202,0.6635071090047393
32739,2023-07-06,Jannik Sinner,21.878,8.0,90,2023-540,Grass,Juan Manuel Cerundolo,21.629,111.0,L,4.0,ITA,London,0,0,0,0,1,0.0,,2023,44.53556485355649,8.0,2023-07-06,0.0,2023-06-24,12.0,57.0,0.0,5.0,0.5,0.0,0.5789473684210527,0.0,0,0.5,0.0,GBR,0,,9999.0,0.0,111.0,2000.0,39.0,0.6923076923076923,0.677570093457944,0.660377358490566
32781,2023-07-11,Jannik Sinner,21.878,8.0,122,2023-540,Grass,Diego Schwartzman,30.877,98.0,R,5.0,ITA,London,0,0,0,1,1,0.0,,2023,44.38333333333333,8.0,2023-07-11,0.0,2023-07-06,5.0,90.0,90.0,6.0,0.5263157894736842,1.0,0.6940639269406392,3.0,3,1.0,3.0,GBR,0,,9999.0,0.0,98.0,111.0,39.0,0.69377990430622,0.6790697674418604,0.8846153846153846
32809,2023-07-14,Jannik Sinner,21.878,8.0,145,2023-540,Grass,Quentin Halys,26.683,79.0,R,6.0,ITA,London,1,0,0,0,1,0.0,,2023,44.232365145228215,8.0,2023-07-14,0.0,2023-07-11,3.0,122.0,212.0,7.0,0.55,2.0,0.6954545454545454,0.0,0,0.5,3.0,GBR,0,,9999.0,0.0,79.0,98.0,39.0,0.6952380952380952,0.6805555555555556,0.6619718309859155
32823,2023-07-15,Jannik Sinner,21.878,8.0,157,2023-540,Grass,Daniel Elahi Galan,27.039,85.0,R,7.0,ITA,London,0,0,0,1,1,0.0,,2023,44.082644628099175,8.0,2023-07-15,0.0,2023-07-14,1.0,145.0,357.0,8.0,0.5714285714285714,3.0,0.6968325791855203,0.0,0,0.5,4.0,GBR,0,,9999.0,1.0,85.0,79.0,39.0,0.6966824644549763,0.6820276497695853,0.8888888888888888
32867,2023-07-16,Jannik Sinner,21.878,8.0,134,2023-540,Grass,Roman Safiullin,25.903,92.0,R,8.0,ITA,London,1,0,0,1,1,0.0,,2023,43.934156378600825,8.0,2023-07-16,0.0,2023-07-15,1.0,157.0,514.0,9.0,0.5909090909090909,4.0,0.6981981981981982,1.0,1,1.0,3.0,GBR,0,,9999.0,1.0,92.0,79.0,39.0,0.6981132075471698,0.6834862385321101,0.8928571428571429
32856,2023-07-16,Jannik Sinner,21.878,8.0,167,2023-540,Grass,Novak Djokovic,36.115,2.0,R,9.0,ITA,London,3,0,0,1,0,,False,2023,43.78688524590164,8.0,2023-07-16,0.0,2023-07-16,0.0,134.0,648.0,10.0,0.6086956521739131,5.0,0.6995515695067265,0.0,2,0.0,3.0,GBR,0,,9999.0,2.0,,79.0,39.0,0.6995305164319249,0.684931506849315,0.896551724137931
33270,2023-08-10,Jannik Sinner,21.974,8.0,90,2023-421,Hard,Matteo Berrettini,27.318,38.0,R,6.0,ITA,Toronto,0,0,0,0,1,0.0,,2023,43.64081632653061,8.0,2023-08-10,0.0,2023-07-16,25.0,167.0,0.0,28.0,0.7105263157894737,0.0,0.6964285714285714,0.0,0,0.5,2.0,CAN,0,,9999.0,0.0,38.0,2000.0,79.0,0.6962616822429907,0.6818181818181818,0.6635514018691588
33300,2023-08-12,Jannik Sinner,21.974,8.0,0,2023-421,Hard,Andy Murray,36.23,40.0,R,7.0,ITA,Toronto,0,0,0,0,1,0.0,,2023,43.35222672064777,8.0,2023-08-12,0.0,2023-08-12,0.0,142.0,232.0,30.0,0.7142857142857143,2.0,0.6991150442477876,1.0,2,0.5,0.0,CAN,0,,9999.0,1.0,40.0,38.0,38.0,0.6976744186046512,0.6832579185520362,0.6651162790697674
33297,2023-08-12,Jannik Sinner,21.974,8.0,142,2023-421,Hard,Gael Monfils,36.931,276.0,R,8.0,ITA,Toronto,1,0,0,0,1,0.0,,2023,43.49593495934959,8.0,2023-08-12,0.0,2023-08-10,2.0,90.0,90.0,29.0,0.7124183006535948,1.0,0.6977777777777778,3.0,4,0.75,0.0,CAN,0,,9999.0,0.0,276.0,38.0,38.0,0.6990740740740741,0.6846846846846847,0.6666666666666666
33311,2023-08-13,Jannik Sinner,21.974,8.0,116,2023-421,Hard,Tommy Paul,26.223,14.0,R,9.0,ITA,Toronto,0,0,0,0,1,0.0,,2023,43.20967741935484,8.0,2023-08-13,0.0,2023-08-12,1.0,0.0,232.0,31.0,0.7161290322580646,3.0,0.7004405286343612,1.0,2,0.5,0.0,CAN,0,,9999.0,1.0,14.0,38.0,38.0,0.7004608294930875,0.6860986547085202,0.6682027649769585
33312,2023-08-13,Jannik Sinner,21.974,8.0,89,2023-421,Hard,Alex de Minaur,24.468,18.0,R,11.0,ITA,Toronto,0,0,0,0,1,0.0,,2023,43.06827309236948,8.0,2023-08-13,0.0,2023-08-13,0.0,116.0,348.0,32.0,0.717948717948718,4.0,0.7017543859649122,4.0,4,1.0,0.0,CAN,0,,9999.0,1.0,18.0,14.0,38.0,0.7018348623853211,0.6875,0.6697247706422018
33345,2023-08-17,Jannik Sinner,21.993,6.0,124,2023-422,Hard,Dusan Lajovic,33.123,66.0,R,6.0,ITA,Cincinnati,2,0,0,0,0,,False,2023,42.92,6.0,2023-08-17,0.0,2023-08-13,4.0,89.0,0.0,33.0,0.7197452229299363,5.0,0.7030567685589519,0.0,0,0.5,1.0,USA,0,,9999.0,0.0,,2000.0,14.0,0.7031963470319634,0.6888888888888889,0.6712328767123288
33556,2023-08-29,Jannik Sinner,22.031,6.0,138,2023-560,Hard,Yannick Hanfmann,31.789,54.0,R,4.0,ITA,New York,0,0,0,0,1,0.0,,2023,42.77290836653386,6.0,2023-08-29,0.0,2023-08-17,12.0,124.0,0.0,34.0,0.7151898734177216,0.0,0.7,0.0,0,0.5,1.0,USA,0,,9999.0,0.0,54.0,2000.0,14.0,0.7,0.6858407079646017,0.6681818181818182
33602,2023-09-04,Jannik Sinner,22.031,6.0,125,2023-560,Hard,Lorenzo Sonego,28.298,39.0,R,5.0,ITA,New York,0,1,1,0,1,0.0,,2023,42.62698412698413,6.0,2023-09-04,0.0,2023-08-29,6.0,138.0,138.0,35.0,0.7169811320754716,1.0,0.7012987012987013,2.0,2,1.0,6.0,USA,0,,9999.0,0.0,39.0,54.0,14.0,0.6333333333333333,0.75,0.669683257918552
33643,2023-09-08,Jannik Sinner,22.031,6.0,178,2023-560,Hard,Stan Wawrinka,38.418,49.0,R,6.0,ITA,New York,1,1,1,0,1,0.0,,2023,42.48221343873518,6.0,2023-09-08,0.0,2023-09-04,4.0,125.0,263.0,36.0,0.71875,2.0,0.7025862068965517,3.0,5,0.6,1.0,USA,0,,9999.0,0.0,49.0,39.0,14.0,0.6451612903225806,0.76,0.6711711711711712
33649,2023-09-09,Jannik Sinner,22.031,6.0,281,2023-560,Hard,Alexander Zverev,26.355,12.0,R,7.0,ITA,New York,3,0,1,0,0,,False,2023,42.338582677165356,6.0,2023-09-09,0.0,2023-09-08,1.0,178.0,441.0,37.0,0.7204968944099379,3.0,0.703862660944206,1.0,4,0.25,1.0,USA,0,,9999.0,1.0,,39.0,14.0,0.7013574660633484,0.7692307692307693,0.672645739910314
33803,2023-09-29,Jannik Sinner,22.114,7.0,170,2023-747,Hard,Daniel Evans,33.347,33.0,R,6.0,ITA,Beijing,1,0,0,0,1,0.0,,2023,42.2,6.0,2023-09-09,20.0,2023-09-09,20.0,281.0,0.0,38.0,0.7160493827160493,0.0,0.7008547008547008,0.0,0,0.5,2.0,CHN,0,,9999.0,0.0,33.0,2000.0,39.0,0.6981981981981982,0.6872246696035242,0.6696428571428571
33819,2023-10-01,Jannik Sinner,22.114,7.0,67,2023-747,Hard,Yoshihito Nishioka,28.0,38.0,L,7.0,ITA,Beijing,0,0,0,0,1,0.0,,2023,42.0625,6.0,2023-09-09,22.0,2023-09-29,2.0,170.0,170.0,39.0,0.7177914110429447,1.0,0.6,1.0,1,1.0,1.0,CHN,0,,9999.0,1.0,38.0,33.0,33.0,0.6995515695067265,0.6885964912280702,0.6711111111111111
33876,2023-10-03,Jannik Sinner,22.114,7.0,151,2023-747,Hard,Grigor Dimitrov,32.367,19.0,R,8.0,ITA,Beijing,1,0,0,0,1,0.0,,2023,41.9260700389105,6.0,2023-09-09,24.0,2023-10-01,2.0,67.0,237.0,40.0,0.7195121951219512,2.0,0.7021276595744681,1.0,2,0.5,1.0,CHN,0,,9999.0,1.0,19.0,33.0,33.0,0.7008928571428571,0.6899563318777293,0.672566371681416
33879,2023-10-03,Jannik Sinner,22.114,7.0,115,2023-747,Hard,Carlos Alcaraz,20.397,2.0,R,9.0,ITA,Beijing,0,0,0,0,1,0.0,,2023,41.656370656370655,6.0,2023-09-09,24.0,2023-10-03,0.0,121.0,509.0,42.0,0.7228915662650602,4.0,0.7046413502109705,3.0,6,0.5,0.0,CHN,0,,9999.0,2.0,2.0,3.0,33.0,0.7022222222222222,0.691304347826087,0.6740088105726872
33878,2023-10-03,Jannik Sinner,22.114,7.0,121,2023-747,Hard,Daniil Medvedev,27.625,3.0,R,11.0,ITA,Beijing,0,0,0,0,1,0.0,,2023,41.7906976744186,6.0,2023-09-09,24.0,2023-10-03,0.0,151.0,388.0,41.0,0.7212121212121212,3.0,0.7033898305084746,0.0,6,0.0,0.0,CHN,0,,9999.0,2.0,3.0,19.0,33.0,0.7035398230088495,0.6926406926406926,0.6754385964912281
33904,2023-10-06,Jannik Sinner,22.127,4.0,105,2023-5014,Hard,Marcos Giron,30.19,80.0,R,5.0,ITA,Shanghai,0,0,0,0,1,0.0,,2023,41.511538461538464,4.0,2023-10-06,0.0,2023-10-03,3.0,115.0,0.0,43.0,0.7245508982035929,5.0,0.7058823529411765,0.0,0,0.5,3.0,CHN,0,,9999.0,0.0,80.0,2000.0,2.0,0.7048458149779736,0.6939655172413793,0.6768558951965066
33934,2023-10-09,Jannik Sinner,22.127,4.0,119,2023-5014,Hard,Sebastian Baez,22.76,29.0,R,6.0,ITA,Shanghai,1,0,0,0,1,0.0,,2023,41.367816091954026,4.0,2023-10-09,0.0,2023-10-06,3.0,105.0,105.0,44.0,0.7261904761904762,6.0,0.7071129707112971,0.0,0,0.5,3.0,CHN,0,,9999.0,0.0,29.0,80.0,2.0,0.706140350877193,0.6952789699570815,0.6782608695652174
33953,2023-10-11,Jannik Sinner,22.127,4.0,150,2023-5014,Hard,Ben Shelton,20.98,20.0,L,7.0,ITA,Shanghai,2,0,0,0,0,,False,2023,41.225190839694655,4.0,2023-10-11,0.0,2023-10-09,2.0,119.0,224.0,45.0,0.727810650887574,7.0,0.6190476190476191,0.0,0,0.5,2.0,CHN,0,,9999.0,1.0,,29.0,2.0,0.7074235807860262,0.6965811965811965,0.6796536796536796
34113,2023-10-23,Jannik Sinner,22.185,4.0,104,2023-337,Hard,Ben Shelton,21.038,15.0,L,6.0,ITA,Vienna,0,0,0,0,1,0.0,,2023,41.08365019011407,4.0,2023-10-23,0.0,2023-10-11,12.0,150.0,0.0,46.0,0.7235294117647059,0.0,0.5909090909090909,0.0,1,0.0,1.0,AUT,0,,9999.0,0.0,15.0,2000.0,2.0,0.7043478260869566,0.6936170212765957,0.6767241379310345
34109,2023-10-23,Jannik Sinner,22.185,4.0,186,2023-337,Hard,Daniil Medvedev,27.696,3.0,R,11.0,ITA,Vienna,1,0,0,0,1,0.0,,2023,40.94318181818182,4.0,2023-10-23,0.0,2023-10-23,0.0,104.0,104.0,47.0,0.7251461988304093,1.0,0.7083333333333334,1.0,7,0.14285714285714285,4.0,AUT,0,,9999.0,0.0,3.0,15.0,2.0,0.7056277056277056,0.6949152542372882,0.6781115879828327
34143,2023-10-27,Jannik Sinner,22.185,4.0,93,2023-337,Hard,Lorenzo Sonego,28.452,52.0,R,7.0,ITA,Vienna,0,0,0,0,1,0.0,,2023,40.80377358490566,4.0,2023-10-27,0.0,2023-10-23,4.0,186.0,290.0,48.0,0.7267441860465116,2.0,0.7095435684647303,3.0,3,1.0,1.0,AUT,0,,9999.0,1.0,52.0,3.0,2.0,0.7068965517241379,0.6962025316455697,0.6794871794871795
34171,2023-10-28,Jannik Sinner,22.185,4.0,79,2023-337,Hard,Frances Tiafoe,25.755,14.0,R,8.0,ITA,Vienna,0,0,0,0,1,0.0,,2023,40.66541353383459,4.0,2023-10-28,0.0,2023-10-27,1.0,93.0,383.0,49.0,0.7283236994219653,3.0,0.7107438016528925,2.0,3,0.6666666666666666,2.0,AUT,0,,9999.0,1.0,14.0,3.0,2.0,0.7081545064377682,0.6974789915966386,0.6808510638297872
34185,2023-10-29,Jannik Sinner,22.185,4.0,109,2023-337,Hard,Andrey Rublev,26.007,5.0,R,9.0,ITA,Vienna,0,0,0,0,1,0.0,,2023,40.52808988764045,4.0,2023-10-29,0.0,2023-10-28,1.0,79.0,462.0,50.0,0.7298850574712644,4.0,0.7119341563786008,3.0,5,0.6,1.0,AUT,0,,9999.0,1.0,5.0,3.0,2.0,0.7094017094017094,0.698744769874477,0.6822033898305084
34226,2023-11-03,Jannik Sinner,22.204,4.0,136,2023-352,Hard,Mackenzie McDonald,28.539,42.0,R,6.0,ITA,Paris Masters,1,0,0,0,1,0.0,,2023,40.39179104477612,4.0,2023-11-03,0.0,2023-10-29,5.0,109.0,0.0,51.0,0.7314285714285714,5.0,0.7131147540983607,2.0,2,1.0,3.0,,0,,9999.0,0.0,42.0,2000.0,3.0,0.7106382978723405,0.7,0.6835443037974683
34263,2023-11-04,Jannik Sinner,22.204,4.0,0,2023-352,Hard,Alex de Minaur,24.698,13.0,R,7.0,ITA,Paris Masters,0,0,0,0,0,,True,2023,40.25650557620818,4.0,2023-11-04,0.0,2023-11-03,1.0,136.0,136.0,52.0,0.7329545454545454,6.0,0.7142857142857143,5.0,5,1.0,3.0,,0,,9999.0,1.0,,42.0,3.0,0.711864406779661,0.7012448132780082,0.6848739495798319
34331,2023-11-19,Jannik Sinner,22.242,4.0,189,2023-605,Hard,Novak Djokovic,36.479,1.0,R,1.0,ITA,Tour Finals,1,0,0,0,1,0.0,,2023,40.12222222222222,4.0,2023-11-19,0.0,2023-11-04,15.0,0.0,0.0,53.0,0.7288135593220338,0.0,0.7113821138211383,0.0,3,0.0,2.0,ITA,1,,9999.0,0.0,1.0,2000.0,3.0,0.7088607594936709,0.6983471074380165,0.6820083682008368
34332,2023-11-19,Jannik Sinner,22.242,4.0,85,2023-605,Hard,Stefanos Tsitsipas,25.254,6.0,R,1.0,ITA,Tour Finals,0,0,0,0,1,0.0,,2023,39.856617647058826,4.0,2023-11-19,0.0,2023-11-19,0.0,103.0,292.0,55.0,0.7262569832402235,0.0,0.7096774193548387,2.0,7,0.2857142857142857,4.0,ITA,1,,9999.0,3.0,6.0,1.0,3.0,0.7100840336134454,0.6995884773662552,0.6833333333333333
34333,2023-11-19,Jannik Sinner,22.242,4.0,152,2023-605,Hard,Holger Rune,20.542,8.0,R,1.0,ITA,Tour Finals,1,0,0,0,1,0.0,,2023,39.72527472527472,4.0,2023-11-19,0.0,2023-11-19,0.0,85.0,377.0,56.0,0.7277777777777777,1.0,0.7108433734939759,0.0,2,0.0,4.0,ITA,1,,9999.0,3.0,8.0,1.0,3.0,0.7112970711297071,0.7008196721311475,0.6846473029045643
34338,2023-11-19,Jannik Sinner,22.242,4.0,149,2023-605,Hard,Daniil Medvedev,27.754,3.0,R,9.0,ITA,Tour Finals,1,0,0,0,1,0.0,,2023,39.59489051094891,4.0,2023-11-19,0.0,2023-11-19,0.0,152.0,529.0,57.0,0.7292817679558011,2.0,0.712,2.0,8,0.25,4.0,ITA,1,,9999.0,4.0,3.0,1.0,3.0,0.7125,0.7020408163265306,0.6859504132231405
34329,2023-11-19,Jannik Sinner,22.242,4.0,103,2023-605,Hard,Novak Djokovic,36.479,1.0,R,10.0,ITA,Tour Finals,2,0,0,0,0,,False,2023,39.988929889298895,4.0,2023-11-19,0.0,2023-11-19,0.0,189.0,189.0,54.0,0.7303370786516854,1.0,0.7125506072874493,1.0,4,0.25,2.0,ITA,1,,9999.0,1.0,,1.0,3.0,0.7136929460580913,0.7032520325203252,0.6872427983539094
34674,2024-01-16,Jannik Sinner,22.415,4.0,154,2024-580,Hard,Botic van de Zandschulp,28.282,59.0,R,4.0,ITA,Melbourne,0,1,1,1,1,0.0,,2024,39.46545454545455,4.0,2024-01-16,0.0,2023-11-19,58.0,149.0,0.0,0.0,0.7307692307692307,3.0,0.7131474103585658,0.0,0,0.5,3.0,AUS,0,,9999.0,0.0,59.0,2000.0,2000.0,0.65625,0.7407407407407407,0.8666666666666667
34730,2024-01-23,Jannik Sinner,22.415,4.0,103,2024-580,Hard,Jesper de Jong,23.625,161.0,R,5.0,ITA,Melbourne,0,1,1,0,1,0.0,,2024,39.33695652173913,4.0,2024-01-23,0.0,2024-01-16,7.0,154.0,154.0,1.0,0.73224043715847,4.0,0.7142857142857143,0.0,0,0.5,4.0,AUS,0,,9999.0,0.0,161.0,59.0,59.0,0.6666666666666666,0.75,0.6844262295081968
34760,2024-01-26,Jannik Sinner,22.415,4.0,112,2024-580,Hard,Sebastian Baez,23.047,29.0,R,6.0,ITA,Melbourne,0,0,0,1,1,0.0,,2024,39.20938628158845,4.0,2024-01-26,0.0,2024-01-23,3.0,103.0,257.0,2.0,0.7336956521739131,5.0,0.7154150197628458,1.0,1,1.0,4.0,AUS,0,,9999.0,0.0,29.0,59.0,59.0,0.7107438016528925,0.7004048582995951,0.8709677419354839
34773,2024-01-27,Jannik Sinner,22.415,4.0,154,2024-580,Hard,Karen Khachanov,27.652,15.0,R,7.0,ITA,Melbourne,0,0,0,0,1,0.0,,2024,39.08273381294964,4.0,2024-01-27,0.0,2024-01-26,1.0,112.0,369.0,3.0,0.7351351351351352,6.0,0.7165354330708661,2.0,3,0.6666666666666666,0.0,AUS,0,,9999.0,0.0,15.0,29.0,29.0,0.7119341563786008,0.7016129032258065,0.6857142857142857
34787,2024-01-28,Jannik Sinner,22.415,4.0,159,2024-580,Hard,Andrey Rublev,26.237,5.0,R,8.0,ITA,Melbourne,0,0,0,0,1,0.0,,2024,38.832142857142856,4.0,2024-01-28,0.0,2024-01-28,0.0,202.0,725.0,5.0,0.7379679144385026,8.0,0.71875,4.0,6,0.6666666666666666,1.0,AUS,0,,9999.0,1.0,5.0,1.0,15.0,0.7131147540983607,0.7028112449799196,0.6869918699186992
34785,2024-01-28,Jannik Sinner,22.415,4.0,202,2024-580,Hard,Novak Djokovic,36.652,1.0,R,9.0,ITA,Melbourne,1,0,0,0,1,0.0,,2024,38.956989247311824,4.0,2024-01-28,0.0,2024-01-27,1.0,154.0,523.0,4.0,0.7365591397849462,7.0,0.7176470588235294,1.0,5,0.2,1.0,AUS,0,,9999.0,0.0,1.0,15.0,15.0,0.7142857142857143,0.704,0.6882591093117408
34784,2024-01-28,Jannik Sinner,22.415,4.0,224,2024-580,Hard,Daniil Medvedev,27.926,3.0,R,11.0,ITA,Melbourne,2,0,0,0,1,0.0,,2024,38.70818505338078,4.0,2024-01-28,0.0,2024-01-28,0.0,159.0,884.0,6.0,0.7393617021276596,9.0,0.7198443579766537,3.0,9,0.3333333333333333,1.0,AUS,0,,9999.0,1.0,3.0,1.0,15.0,0.7154471544715447,0.7051792828685259,0.6895161290322581
35019,2024-02-15,Jannik Sinner,22.491,4.0,86,2024-407,Hard,Botic van de Zandschulp,28.359,66.0,R,6.0,ITA,Rotterdam,0,0,0,0,1,0.0,,2024,38.58510638297872,4.0,2024-02-15,0.0,2024-01-28,18.0,224.0,0.0,7.0,0.7407407407407407,10.0,0.7209302325581395,1.0,1,1.0,2.0,NED,0,,9999.0,0.0,66.0,2000.0,1.0,0.7165991902834008,0.7063492063492064,0.6907630522088354
35069,2024-02-17,Jannik Sinner,22.491,4.0,112,2024-407,Hard,Gael Monfils,37.448,70.0,R,7.0,ITA,Rotterdam,1,0,0,0,1,0.0,,2024,38.46289752650177,4.0,2024-02-17,0.0,2024-02-15,2.0,86.0,86.0,8.0,0.7421052631578947,11.0,0.722007722007722,4.0,5,0.8,2.0,NED,0,,9999.0,0.0,70.0,66.0,1.0,0.717741935483871,0.7075098814229249,0.692
35082,2024-02-18,Jannik Sinner,22.491,4.0,65,2024-407,Hard,Milos Raonic,33.128,309.0,R,8.0,ITA,Rotterdam,0,0,0,0,1,0.0,,2024,38.34154929577465,4.0,2024-02-18,0.0,2024-02-17,1.0,112.0,198.0,9.0,0.743455497382199,12.0,0.7230769230769231,0.0,0,0.5,1.0,NED,0,,9999.0,1.0,309.0,66.0,1.0,0.7188755020080321,0.7086614173228346,0.6932270916334662
35083,2024-02-18,Jannik Sinner,22.491,4.0,81,2024-407,Hard,Tallon Griekspoor,27.614,29.0,R,9.0,ITA,Rotterdam,0,0,0,0,1,0.0,,2024,38.22105263157895,4.0,2024-02-18,0.0,2024-02-18,0.0,65.0,263.0,10.0,0.7447916666666666,13.0,0.7241379310344828,1.0,1,1.0,1.0,NED,0,,9999.0,1.0,29.0,66.0,1.0,0.72,0.7098039215686275,0.6944444444444444
35086,2024-02-18,Jannik Sinner,22.491,4.0,125,2024-407,Hard,Alex de Minaur,24.986,11.0,R,11.0,ITA,Rotterdam,0,0,0,0,1,0.0,,2024,38.1013986013986,4.0,2024-02-18,0.0,2024-02-18,0.0,81.0,344.0,11.0,0.7461139896373057,14.0,0.7251908396946565,5.0,6,0.8333333333333334,1.0,NED,0,,9999.0,1.0,11.0,29.0,1.0,0.7211155378486056,0.7109375,0.6956521739130435
35384,2024-03-08,Jannik Sinner,22.549,3.0,81,2024-404,Hard,Thanasi Kokkinakis,27.899,99.0,R,5.0,ITA,Indian Wells,0,0,0,0,1,0.0,,2024,37.97909407665505,3.0,2024-03-08,0.0,2024-02-18,19.0,125.0,0.0,12.0,0.7474226804123711,15.0,0.7262357414448669,3.0,3,1.0,1.0,USA,0,,9999.0,0.0,99.0,2000.0,11.0,0.7222222222222222,0.7120622568093385,0.6968503937007874
35406,2024-03-11,Jannik Sinner,22.549,3.0,74,2024-404,Hard,Jan-Lennard Struff,33.859,25.0,R,6.0,ITA,Indian Wells,0,0,0,0,1,0.0,,2024,37.857638888888886,3.0,2024-03-11,0.0,2024-03-08,3.0,81.0,81.0,13.0,0.7487179487179487,16.0,0.7272727272727273,0.0,0,0.5,0.0,USA,0,,9999.0,0.0,25.0,99.0,11.0,0.7233201581027668,0.7131782945736435,0.6980392156862745
35425,2024-03-13,Jannik Sinner,22.549,3.0,98,2024-404,Hard,Ben Shelton,21.402,16.0,L,7.0,ITA,Indian Wells,0,0,0,0,1,0.0,,2024,37.73702422145329,3.0,2024-03-13,0.0,2024-03-11,2.0,74.0,155.0,14.0,0.75,17.0,0.6086956521739131,1.0,2,0.5,2.0,USA,0,,9999.0,0.0,16.0,25.0,11.0,0.7244094488188977,0.7142857142857143,0.69921875
35427,2024-03-13,Jannik Sinner,22.549,3.0,84,2024-404,Hard,Jiri Lehecka,22.319,32.0,R,8.0,ITA,Indian Wells,0,0,0,0,1,0.0,,2024,37.61724137931034,3.0,2024-03-13,0.0,2024-03-13,0.0,98.0,253.0,15.0,0.751269035532995,18.0,0.7283018867924528,0.0,0,0.5,2.0,USA,0,,9999.0,0.0,32.0,16.0,11.0,0.7254901960784313,0.7153846153846154,0.7003891050583657
35434,2024-03-14,Jannik Sinner,22.549,3.0,125,2024-404,Hard,Carlos Alcaraz,20.832,2.0,R,9.0,ITA,Indian Wells,2,0,0,1,0,,False,2024,37.49828178694158,3.0,2024-03-14,0.0,2024-03-13,1.0,84.0,337.0,16.0,0.7525252525252525,19.0,0.7293233082706767,4.0,7,0.5714285714285714,2.0,USA,0,,9999.0,0.0,,16.0,11.0,0.7265625,0.7164750957854407,0.875
35509,2024-03-21,Jannik Sinner,22.587,3.0,80,2024-403,Hard,Andrea Vavassori,28.871,148.0,R,5.0,ITA,Miami,0,0,0,0,1,0.0,,2024,37.38013698630137,3.0,2024-03-21,0.0,2024-03-14,7.0,125.0,0.0,17.0,0.7487437185929648,0.0,0.7265917602996255,0.0,0,0.5,1.0,USA,0,,9999.0,0.0,148.0,2000.0,16.0,0.7237354085603113,0.7137404580152672,0.7015503875968992
35537,2024-03-25,Jannik Sinner,22.587,3.0,143,2024-403,Hard,Tallon Griekspoor,27.71,26.0,R,6.0,ITA,Miami,1,0,0,1,1,0.0,,2024,37.262798634812285,3.0,2024-03-25,0.0,2024-03-21,4.0,80.0,80.0,18.0,0.75,1.0,0.7276119402985075,2.0,2,1.0,4.0,USA,0,,9999.0,0.0,26.0,148.0,16.0,0.7248062015503876,0.714828897338403,0.8484848484848485
35546,2024-03-26,Jannik Sinner,22.587,3.0,111,2024-403,Hard,Christopher O'Connell,29.791,66.0,R,7.0,ITA,Miami,0,0,0,1,1,0.0,,2024,37.14625850340136,3.0,2024-03-26,0.0,2024-03-25,1.0,143.0,223.0,19.0,0.7512437810945274,2.0,0.7286245353159851,0.0,1,0.0,4.0,USA,0,,9999.0,1.0,66.0,26.0,16.0,0.7258687258687259,0.7159090909090909,0.8529411764705882
35562,2024-03-27,Jannik Sinner,22.587,3.0,91,2024-403,Hard,Tomas Machac,23.428,60.0,R,8.0,ITA,Miami,0,0,1,0,1,0.0,,2024,37.03050847457627,3.0,2024-03-27,0.0,2024-03-26,1.0,111.0,334.0,20.0,0.7524752475247525,3.0,0.7296296296296296,0.0,0,0.5,4.0,USA,0,,9999.0,1.0,60.0,26.0,16.0,0.7269230769230769,0.7586206896551724,0.7027027027027027
35564,2024-03-28,Jannik Sinner,22.587,3.0,69,2024-403,Hard,Daniil Medvedev,28.099,4.0,R,9.0,ITA,Miami,0,1,1,0,1,0.0,,2024,36.91554054054054,3.0,2024-03-28,0.0,2024-03-27,1.0,91.0,425.0,21.0,0.7536945812807881,4.0,0.7306273062730627,4.0,10,0.4,4.0,USA,0,,9999.0,1.0,4.0,26.0,16.0,0.6764705882352942,0.7666666666666667,0.7038461538461539
35568,2024-03-28,Jannik Sinner,22.587,3.0,73,2024-403,Hard,Grigor Dimitrov,32.841,12.0,R,11.0,ITA,Miami,0,1,1,0,1,0.0,,2024,36.8013468013468,3.0,2024-03-28,0.0,2024-03-28,0.0,69.0,494.0,22.0,0.7549019607843137,5.0,0.7316176470588235,2.0,3,0.6666666666666666,4.0,USA,0,,9999.0,1.0,12.0,4.0,16.0,0.6857142857142857,0.7741935483870968,0.7049808429118773
35725,2024-04-10,Jannik Sinner,22.645,2.0,75,2024-410,Clay,Sebastian Korda,23.759,27.0,R,6.0,ITA,Monte Carlo,0,0,0,1,1,0.0,,2024,36.68456375838926,2.0,2024-04-10,0.0,2024-03-28,13.0,73.0,0.0,0.0,0.6764705882352942,0.0,0.7326007326007326,1.0,2,0.5,1.0,MON,0,,9999.0,0.0,27.0,2000.0,4.0,0.7279693486590039,0.7169811320754716,0.8571428571428571
35746,2024-04-12,Jannik Sinner,22.645,2.0,76,2024-410,Clay,Jan-Lennard Struff,33.955,25.0,R,7.0,ITA,Monte Carlo,0,0,0,0,1,0.0,,2024,36.5685618729097,2.0,2024-04-12,0.0,2024-04-10,2.0,75.0,75.0,1.0,0.6811594202898551,1.0,0.7335766423357665,1.0,1,1.0,1.0,MON,0,,9999.0,0.0,25.0,27.0,4.0,0.7290076335877863,0.7180451127819549,0.7061068702290076
35755,2024-04-13,Jannik Sinner,22.645,2.0,160,2024-410,Clay,Holger Rune,20.945,7.0,R,8.0,ITA,Monte Carlo,1,0,0,0,1,0.0,,2024,36.45333333333333,2.0,2024-04-13,0.0,2024-04-12,1.0,76.0,151.0,2.0,0.6857142857142857,2.0,0.7345454545454545,1.0,3,0.3333333333333333,0.0,MON,0,,9999.0,0.0,7.0,25.0,4.0,0.7300380228136882,0.7191011235955056,0.7072243346007605
35757,2024-04-13,Jannik Sinner,22.645,2.0,160,2024-410,Clay,Stefanos Tsitsipas,25.656,12.0,R,9.0,ITA,Monte Carlo,2,0,0,0,0,,False,2024,36.33887043189369,2.0,2024-04-13,0.0,2024-04-13,0.0,160.0,311.0,3.0,0.6901408450704225,3.0,0.7355072463768116,3.0,8,0.375,0.0,MON,0,,9999.0,1.0,,7.0,4.0,0.7310606060606061,0.7201492537313433,0.7083333333333334
36007,2024-04-29,Jannik Sinner,22.683,2.0,69,2024-1536,Clay,Lorenzo Sonego,28.95,52.0,R,5.0,ITA,Madrid,0,0,0,0,1,0.0,,2024,36.22516556291391,2.0,2024-04-29,0.0,2024-04-13,16.0,160.0,0.0,4.0,0.6805555555555556,0.0,0.7328519855595668,4.0,4,1.0,2.0,ESP,0,,9999.0,0.0,52.0,2000.0,7.0,0.7283018867924528,0.7174721189591078,0.7056603773584905
36016,2024-04-30,Jannik Sinner,22.683,2.0,98,2024-1536,Clay,Pavel Kotov,25.426,72.0,R,6.0,ITA,Madrid,0,0,0,0,1,0.0,,2024,36.11221122112211,2.0,2024-04-30,0.0,2024-04-29,1.0,69.0,69.0,5.0,0.684931506849315,1.0,0.7338129496402878,0.0,0,0.5,2.0,ESP,0,,9999.0,0.0,72.0,52.0,7.0,0.7293233082706767,0.7185185185185186,0.706766917293233
36027,2024-05-01,Jannik Sinner,22.683,2.0,130,2024-1536,Clay,Karen Khachanov,27.921,17.0,R,7.0,ITA,Madrid,1,0,0,1,1,0.0,,2024,36.0,2.0,2024-05-01,0.0,2024-04-30,1.0,98.0,167.0,6.0,0.6891891891891891,2.0,0.7347670250896058,3.0,4,0.75,2.0,ESP,0,,9999.0,0.0,17.0,52.0,7.0,0.7303370786516854,0.7195571955719557,0.8611111111111112
36033,2024-05-02,Jannik Sinner,22.683,2.0,0,2024-1536,Clay,Felix Auger-Aliassime,23.704,35.0,R,8.0,ITA,Madrid,0,0,0,0,0,,True,2024,35.88852459016393,2.0,2024-05-02,0.0,2024-05-01,1.0,130.0,297.0,7.0,0.6933333333333334,3.0,0.7357142857142858,0.0,2,0.0,2.0,ESP,0,,9999.0,1.0,,17.0,7.0,0.7313432835820896,0.7205882352941176,0.7078651685393258
36375,2024-05-28,Jannik Sinner,22.776,2.0,0,2024-520,Clay,Christopher Eubanks,28.057,46.0,R,4.0,ITA,Paris,0,0,0,0,1,0.0,,2024,35.77777777777778,2.0,2024-05-28,0.0,2024-05-02,26.0,0.0,0.0,8.0,0.6842105263157895,0.0,0.7330960854092526,1.0,1,1.0,3.0,FRA,0,,9999.0,0.0,46.0,2000.0,17.0,0.7286245353159851,0.717948717948718,0.7052238805970149
36422,2024-06-02,Jannik Sinner,22.776,2.0,0,2024-520,Clay,Richard Gasquet,37.938,124.0,R,5.0,ITA,Paris,0,0,0,0,1,0.0,,2024,35.66775244299674,2.0,2024-06-02,0.0,2024-05-28,5.0,0.0,0.0,9.0,0.6883116883116883,1.0,0.7340425531914894,2.0,2,1.0,4.0,FRA,0,,9999.0,0.0,124.0,46.0,46.0,0.7296296296296296,0.718978102189781,0.7063197026022305
36454,2024-06-05,Jannik Sinner,22.776,2.0,0,2024-520,Clay,Pavel Kotov,25.52,56.0,R,6.0,ITA,Paris,0,0,0,0,1,0.0,,2024,35.55844155844156,2.0,2024-06-05,0.0,2024-06-02,3.0,0.0,0.0,10.0,0.6923076923076923,2.0,0.734982332155477,1.0,1,1.0,4.0,FRA,0,,9999.0,0.0,56.0,46.0,46.0,0.7306273062730627,0.72,0.7074074074074074
36466,2024-06-07,Jannik Sinner,22.776,2.0,0,2024-520,Clay,Corentin Moutet,25.103,79.0,L,7.0,ITA,Paris,1,0,0,0,1,0.0,,2024,35.44983818770226,2.0,2024-06-07,0.0,2024-06-05,2.0,0.0,0.0,11.0,0.6962025316455697,3.0,0.625,0.0,0,0.5,4.0,FRA,0,,9999.0,0.0,79.0,46.0,46.0,0.7316176470588235,0.7210144927536232,0.7084870848708487
36482,2024-06-08,Jannik Sinner,22.776,2.0,0,2024-520,Clay,Grigor Dimitrov,33.029,10.0,R,8.0,ITA,Paris,0,0,0,0,1,0.0,,2024,35.34193548387097,2.0,2024-06-08,0.0,2024-06-07,1.0,0.0,0.0,12.0,0.7,4.0,0.7359154929577465,3.0,4,0.75,4.0,FRA,0,,9999.0,1.0,10.0,46.0,46.0,0.7326007326007326,0.7220216606498195,0.7095588235294118
36477,2024-06-08,Jannik Sinner,22.776,2.0,250,2024-520,Clay,Carlos Alcaraz,21.06,3.0,R,9.0,ITA,Paris,3,0,0,0,0,,False,2024,35.234726688102896,2.0,2024-06-08,0.0,2024-06-08,0.0,0.0,0.0,13.0,0.7037037037037037,5.0,0.7368421052631579,4.0,8,0.5,0.0,FRA,0,,9999.0,1.0,,10.0,46.0,0.7335766423357665,0.7230215827338129,0.7106227106227107
36611,2024-06-19,Jannik Sinner,22.836,1.0,142,2024-500,Grass,Tallon Griekspoor,27.959,27.0,R,6.0,ITA,Halle,1,0,0,0,1,0.0,,2024,35.125,1.0,2024-06-19,0.0,2024-06-08,11.0,250.0,0.0,0.0,0.5833333333333334,0.0,0.7342657342657343,3.0,3,1.0,2.0,GER,0,,9999.0,0.0,27.0,2000.0,10.0,0.730909090909091,0.7204301075268817,0.708029197080292
36620,2024-06-21,Jannik Sinner,22.836,1.0,135,2024-500,Grass,Fabian Marozsan,24.693,45.0,R,7.0,ITA,Halle,1,0,0,0,1,0.0,,2024,35.01597444089457,1.0,2024-06-21,0.0,2024-06-19,2.0,142.0,142.0,1.0,0.6,1.0,0.735191637630662,0.0,0,0.5,2.0,GER,0,,9999.0,1.0,45.0,27.0,10.0,0.7318840579710145,0.7214285714285714,0.7090909090909091
36671,2024-06-23,Jannik Sinner,22.836,1.0,150,2024-500,Grass,Jan-Lennard Struff,34.146,41.0,R,8.0,ITA,Halle,1,0,0,0,1,0.0,,2024,34.8,1.0,2024-06-23,0.0,2024-06-23,0.0,99.0,376.0,3.0,0.6296296296296297,3.0,0.7370242214532872,2.0,2,1.0,5.0,GER,0,,9999.0,2.0,41.0,27.0,10.0,0.7328519855595668,0.7224199288256228,0.7101449275362319
36670,2024-06-23,Jannik Sinner,22.836,1.0,99,2024-500,Grass,Zhizhen Zhang,27.669,42.0,R,9.0,ITA,Halle,0,0,0,0,1,0.0,,2024,34.90764331210191,1.0,2024-06-23,0.0,2024-06-21,2.0,135.0,277.0,2.0,0.6153846153846154,2.0,0.7361111111111112,0.0,0,0.5,5.0,GER,0,,9999.0,2.0,42.0,27.0,10.0,0.7338129496402878,0.723404255319149,0.7111913357400722
36660,2024-06-23,Jannik Sinner,22.836,1.0,109,2024-500,Grass,Hubert Hurkacz,27.346,9.0,R,11.0,ITA,Halle,0,0,0,0,1,0.0,,2024,34.69303797468354,1.0,2024-06-23,0.0,2024-06-23,0.0,150.0,526.0,4.0,0.6428571428571429,4.0,0.7379310344827587,2.0,4,0.5,3.0,GER,0,,9999.0,3.0,9.0,27.0,10.0,0.7347670250896058,0.7243816254416962,0.7122302158273381
36872,2024-07-04,Jannik Sinner,22.875,1.0,178,2024-540,Grass,Yannick Hanfmann,32.632,110.0,R,4.0,ITA,London,1,0,0,1,1,0.0,,2024,34.586750788643535,1.0,2024-07-04,0.0,2024-06-23,11.0,109.0,0.0,5.0,0.6551724137931034,5.0,0.738831615120275,1.0,1,1.0,4.0,GBR,0,,9999.0,0.0,110.0,2000.0,9.0,0.7357142857142858,0.7253521126760564,0.8648648648648649
36916,2024-07-09,Jannik Sinner,22.875,1.0,222,2024-540,Grass,Matteo Berrettini,28.219,59.0,R,5.0,ITA,London,1,0,0,0,1,0.0,,2024,34.4811320754717,1.0,2024-07-09,0.0,2024-07-04,5.0,178.0,178.0,6.0,0.6666666666666666,6.0,0.7397260273972602,1.0,1,1.0,1.0,GBR,0,,9999.0,1.0,59.0,110.0,9.0,0.7366548042704626,0.7263157894736842,0.7132616487455197
36944,2024-07-12,Jannik Sinner,22.875,1.0,96,2024-540,Grass,Miomir Kecmanovic,24.835,52.0,R,6.0,ITA,London,0,0,0,0,1,0.0,,2024,34.376175548589345,1.0,2024-07-12,0.0,2024-07-09,3.0,222.0,400.0,7.0,0.6774193548387096,7.0,0.7406143344709898,3.0,3,1.0,1.0,GBR,0,,9999.0,2.0,52.0,59.0,9.0,0.7375886524822695,0.7272727272727273,0.7142857142857143
36985,2024-07-13,Jannik Sinner,22.875,1.0,129,2024-540,Grass,Ben Shelton,21.728,14.0,L,7.0,ITA,London,0,0,0,0,1,0.0,,2024,34.271875,1.0,2024-07-13,0.0,2024-07-12,1.0,96.0,496.0,8.0,0.6875,8.0,0.64,2.0,3,0.6666666666666666,1.0,GBR,0,,9999.0,2.0,14.0,52.0,9.0,0.7385159010600707,0.7282229965156795,0.7153024911032029
36987,2024-07-14,Jannik Sinner,22.875,1.0,240,2024-540,Grass,Daniil Medvedev,28.386,5.0,R,8.0,ITA,London,3,0,0,0,0,,False,2024,34.16822429906542,1.0,2024-07-14,0.0,2024-07-13,1.0,129.0,625.0,9.0,0.696969696969697,9.0,0.7414965986394558,5.0,11,0.45454545454545453,3.0,GBR,0,,9999.0,2.0,,14.0,9.0,0.7394366197183099,0.7291666666666666,0.7163120567375887
37440,2024-08-10,Jannik Sinner,22.973,1.0,96,2024-421,Hard,Borna Coric,27.726,94.0,R,6.0,ITA,Toronto,0,0,0,1,1,0.0,,2024,34.06521739130435,1.0,2024-08-10,0.0,2024-07-14,27.0,240.0,0.0,23.0,0.7560975609756098,6.0,0.7389830508474576,1.0,1,1.0,1.0,CAN,0,,9999.0,0.0,94.0,2000.0,14.0,0.7368421052631579,0.726643598615917,0.868421052631579
37448,2024-08-11,Jannik Sinner,22.973,1.0,80,2024-421,Hard,Alejandro Tabilo,27.179,21.0,L,7.0,ITA,Toronto,0,0,0,1,1,0.0,,2024,33.962848297213625,1.0,2024-08-11,0.0,2024-08-10,1.0,96.0,96.0,24.0,0.7572815533980582,7.0,0.6538461538461539,0.0,0,0.5,6.0,CAN,0,,9999.0,0.0,21.0,94.0,14.0,0.7377622377622378,0.7275862068965517,0.8717948717948718
37463,2024-08-12,Jannik Sinner,22.973,1.0,107,2024-421,Hard,Andrey Rublev,26.795,8.0,R,8.0,ITA,Toronto,2,0,0,0,0,,False,2024,33.861111111111114,1.0,2024-08-12,0.0,2024-08-11,1.0,80.0,176.0,25.0,0.7584541062801933,8.0,0.7398648648648649,5.0,7,0.7142857142857143,1.0,CAN,0,,9999.0,0.0,,21.0,14.0,0.7386759581881533,0.7285223367697594,0.7137809187279152
37497,2024-08-15,Jannik Sinner,22.99,1.0,111,2024-422,Hard,Alex Michelsen,19.964,57.0,R,6.0,ITA,Cincinnati,0,1,1,0,1,0.0,,2024,33.76,1.0,2024-08-15,0.0,2024-08-12,3.0,107.0,0.0,26.0,0.7548076923076923,0.0,0.7373737373737373,0.0,0,0.5,2.0,USA,0,,9999.0,0.0,57.0,2000.0,21.0,0.6944444444444444,0.78125,0.7112676056338029
37517,2024-08-17,Jannik Sinner,22.99,1.0,0,2024-422,Hard,Jordan Thompson,30.313,32.0,R,7.0,ITA,Cincinnati,0,1,1,0,1,0.0,,2024,33.65950920245399,1.0,2024-08-17,0.0,2024-08-15,2.0,111.0,111.0,27.0,0.7559808612440191,1.0,0.738255033557047,0.0,0,0.5,1.0,USA,0,,9999.0,0.0,32.0,57.0,21.0,0.7027027027027027,0.7878787878787878,0.712280701754386
37533,2024-08-18,Jannik Sinner,22.99,1.0,146,2024-422,Hard,Andrey Rublev,26.812,6.0,R,8.0,ITA,Cincinnati,1,0,0,0,1,0.0,,2024,33.46036585365854,1.0,2024-08-18,0.0,2024-08-18,0.0,96.0,207.0,29.0,0.7582938388625592,3.0,0.74,5.0,8,0.625,2.0,USA,0,,9999.0,0.0,6.0,27.0,21.0,0.7361111111111112,0.726027397260274,0.7132867132867133
37532,2024-08-18,Jannik Sinner,22.99,1.0,187,2024-422,Hard,Alexander Zverev,27.313,4.0,R,9.0,ITA,Cincinnati,1,0,0,0,1,0.0,,2024,33.361702127659576,1.0,2024-08-18,0.0,2024-08-18,0.0,146.0,353.0,30.0,0.7594339622641509,4.0,0.7408637873754153,1.0,5,0.2,2.0,USA,0,,9999.0,1.0,4.0,6.0,21.0,0.7370242214532872,0.726962457337884,0.7142857142857143
37535,2024-08-18,Jannik Sinner,22.99,1.0,96,2024-422,Hard,Frances Tiafoe,26.56,27.0,R,11.0,ITA,Cincinnati,0,0,0,0,1,0.0,,2024,33.559633027522935,1.0,2024-08-18,0.0,2024-08-17,1.0,0.0,111.0,28.0,0.7571428571428571,2.0,0.7391304347826086,3.0,4,0.75,2.0,USA,0,,9999.0,0.0,27.0,32.0,21.0,0.7379310344827587,0.7278911564625851,0.7152777777777778
37746,2024-08-31,Jannik Sinner,23.028,1.0,144,2024-560,Hard,Mackenzie McDonald,29.363,140.0,R,4.0,ITA,New York,1,0,0,0,1,0.0,,2024,33.263636363636365,1.0,2024-08-31,0.0,2024-08-18,13.0,187.0,0.0,31.0,0.7605633802816901,5.0,0.7417218543046358,3.0,3,1.0,0.0,USA,0,,9999.0,0.0,140.0,2000.0,4.0,0.738831615120275,0.7288135593220338,0.7162629757785467
37776,2024-09-04,Jannik Sinner,23.028,1.0,99,2024-560,Hard,Alex Michelsen,20.003,49.0,R,5.0,ITA,New York,0,0,0,0,1,0.0,,2024,33.166163141993955,1.0,2024-09-04,0.0,2024-08-31,4.0,144.0,144.0,32.0,0.7616822429906542,6.0,0.7425742574257426,1.0,1,1.0,0.0,USA,0,,9999.0,1.0,49.0,140.0,4.0,0.7397260273972602,0.7297297297297297,0.7172413793103448
37796,2024-09-06,Jannik Sinner,23.028,1.0,113,2024-560,Hard,Christopher O'Connell,30.231,87.0,R,6.0,ITA,New York,0,0,0,0,1,0.0,,2024,33.06927710843374,1.0,2024-09-06,0.0,2024-09-04,2.0,99.0,243.0,33.0,0.7627906976744186,7.0,0.743421052631579,1.0,2,0.5,0.0,USA,0,,9999.0,1.0,87.0,49.0,4.0,0.7406143344709898,0.7306397306397306,0.718213058419244
37820,2024-09-08,Jannik Sinner,23.028,1.0,162,2024-560,Hard,Tommy Paul,27.277,14.0,R,7.0,ITA,New York,0,0,0,1,1,0.0,,2024,32.972972972972975,1.0,2024-09-08,0.0,2024-09-06,2.0,113.0,356.0,34.0,0.7638888888888888,8.0,0.7442622950819672,2.0,3,0.6666666666666666,0.0,USA,0,,9999.0,1.0,14.0,49.0,4.0,0.7414965986394558,0.7315436241610739,0.875
37813,2024-09-08,Jannik Sinner,23.028,1.0,159,2024-560,Hard,Daniil Medvedev,28.539,5.0,R,8.0,ITA,New York,1,0,0,1,1,0.0,,2024,32.78208955223881,1.0,2024-09-08,0.0,2024-09-08,0.0,183.0,701.0,36.0,0.7660550458715596,10.0,0.7450980392156863,5.0,12,0.4166666666666667,0.0,USA,0,,9999.0,1.0,5.0,14.0,4.0,0.7423728813559322,0.7324414715719063,0.8780487804878049
37816,2024-09-08,Jannik Sinner,23.028,1.0,183,2024-560,Hard,Jack Draper,22.678,25.0,L,9.0,ITA,New York,0,0,0,1,1,0.0,,2024,32.877245508982035,1.0,2024-09-08,0.0,2024-09-08,0.0,162.0,518.0,35.0,0.7649769585253456,9.0,0.6666666666666666,0.0,1,0.0,0.0,USA,0,,9999.0,1.0,25.0,14.0,4.0,0.7432432432432432,0.7333333333333333,0.8809523809523809
37811,2024-09-08,Jannik Sinner,23.028,1.0,136,2024-560,Hard,Taylor Fritz,26.828,12.0,R,11.0,ITA,New York,0,0,0,1,1,0.0,,2024,32.6875,1.0,2024-09-08,0.0,2024-09-08,0.0,159.0,860.0,37.0,0.7671232876712328,11.0,0.745928338762215,1.0,2,0.5,0.0,USA,0,,9999.0,2.0,12.0,5.0,4.0,0.7441077441077442,0.7342192691029901,0.8837209302325582
37943,2024-09-26,Jannik Sinner,23.113,1.0,115,2024-747,Hard,Nicolas Jarry,28.961,28.0,R,6.0,ITA,Beijing,1,0,0,0,1,0.0,,2024,32.59347181008902,1.0,2024-09-26,0.0,2024-09-08,18.0,136.0,0.0,38.0,0.7681818181818182,12.0,0.7467532467532467,0.0,1,0.0,0.0,CHN,0,,9999.0,0.0,28.0,2000.0,5.0,0.7449664429530202,0.7350993377483444,0.7191780821917808
37982,2024-09-30,Jannik Sinner,23.113,1.0,141,2024-747,Hard,Roman Safiullin,27.138,69.0,R,7.0,ITA,Beijing,1,0,0,0,1,0.0,,2024,32.5,1.0,2024-09-30,0.0,2024-09-26,4.0,115.0,115.0,39.0,0.7692307692307693,13.0,0.7475728155339806,2.0,2,1.0,2.0,CHN,0,,9999.0,1.0,69.0,28.0,5.0,0.745819397993311,0.735973597359736,0.7201365187713311
38032,2024-10-02,Jannik Sinner,23.113,1.0,104,2024-747,Hard,Jiri Lehecka,22.883,37.0,R,8.0,ITA,Beijing,0,0,0,0,1,0.0,,2024,32.4070796460177,1.0,2024-10-02,0.0,2024-09-30,2.0,141.0,256.0,40.0,0.7702702702702703,14.0,0.7483870967741936,1.0,1,1.0,2.0,CHN,0,,9999.0,2.0,37.0,28.0,5.0,0.7466666666666667,0.7368421052631579,0.7210884353741497
38035,2024-10-02,Jannik Sinner,23.113,1.0,125,2024-747,Hard,Yunchaokete Bu,22.686,96.0,R,9.0,ITA,Beijing,0,0,0,0,1,0.0,,2024,32.31470588235294,1.0,2024-10-02,0.0,2024-10-02,0.0,104.0,360.0,41.0,0.7713004484304933,15.0,0.7491961414790996,0.0,0,0.5,2.0,CHN,0,,9999.0,2.0,96.0,28.0,5.0,0.7475083056478405,0.7377049180327869,0.7220338983050848
38034,2024-10-02,Jannik Sinner,23.113,1.0,201,2024-747,Hard,Carlos Alcaraz,21.396,3.0,R,10.0,ITA,Beijing,2,0,0,0,0,,False,2024,32.22287390029326,1.0,2024-10-02,0.0,2024-10-02,0.0,125.0,485.0,42.0,0.7723214285714286,16.0,0.75,4.0,9,0.4444444444444444,3.0,CHN,0,,9999.0,2.0,,28.0,5.0,0.7483443708609272,0.738562091503268,0.722972972972973
38079,2024-10-08,Jannik Sinner,23.129,1.0,77,2024-5014,Hard,Taro Daniel,31.68,93.0,R,5.0,ITA,Shanghai,0,0,0,0,1,0.0,,2024,32.13157894736842,1.0,2024-10-08,0.0,2024-10-02,6.0,201.0,0.0,43.0,0.7688888888888888,0.0,0.7476038338658147,1.0,1,1.0,1.0,CHN,0,,9999.0,0.0,93.0,2000.0,5.0,0.7458745874587459,0.7361563517915309,0.7205387205387206
38097,2024-10-10,Jannik Sinner,23.129,1.0,159,2024-5014,Hard,Tomas Martin Etcheverry,25.21,37.0,R,6.0,ITA,Shanghai,1,0,0,0,1,0.0,,2024,32.04081632653061,1.0,2024-10-10,0.0,2024-10-08,2.0,77.0,77.0,44.0,0.7699115044247787,1.0,0.7484076433121019,1.0,1,1.0,2.0,CHN,0,,9999.0,0.0,37.0,93.0,28.0,0.7467105263157895,0.737012987012987,0.7214765100671141
38110,2024-10-12,Jannik Sinner,23.129,1.0,88,2024-5014,Hard,Ben Shelton,21.982,16.0,L,7.0,ITA,Shanghai,0,0,0,0,1,0.0,,2024,31.950581395348838,1.0,2024-10-12,0.0,2024-10-10,2.0,159.0,236.0,45.0,0.7709251101321586,2.0,0.6785714285714286,3.0,4,0.75,1.0,CHN,0,,9999.0,1.0,16.0,37.0,28.0,0.7475409836065574,0.7378640776699029,0.7224080267558528
38158,2024-10-13,Jannik Sinner,23.129,1.0,84,2024-5014,Hard,Daniil Medvedev,28.641,5.0,R,8.0,ITA,Shanghai,0,0,0,0,1,0.0,,2024,31.771676300578033,1.0,2024-10-13,0.0,2024-10-13,0.0,97.0,421.0,47.0,0.7729257641921398,4.0,0.75,6.0,13,0.46153846153846156,2.0,CHN,0,,9999.0,1.0,5.0,4.0,16.0,0.7483660130718954,0.7387096774193549,0.7233333333333334
38144,2024-10-13,Jannik Sinner,23.129,1.0,103,2024-5014,Hard,Tomas Machac,23.97,33.0,R,9.0,ITA,Shanghai,0,0,0,0,1,0.0,,2024,31.68299711815562,1.0,2024-10-13,0.0,2024-10-13,0.0,84.0,505.0,48.0,0.7739130434782608,5.0,0.750788643533123,1.0,1,1.0,2.0,CHN,0,,9999.0,1.0,33.0,4.0,16.0,0.749185667752443,0.7395498392282959,0.7242524916943521
38147,2024-10-13,Jannik Sinner,23.129,1.0,97,2024-5014,Hard,Novak Djokovic,37.366,4.0,R,11.0,ITA,Shanghai,0,0,0,0,1,0.0,,2024,31.860869565217392,1.0,2024-10-13,0.0,2024-10-12,1.0,88.0,324.0,46.0,0.7719298245614035,3.0,0.7492063492063492,2.0,6,0.3333333333333333,2.0,CHN,0,,9999.0,1.0,4.0,16.0,16.0,0.75,0.7403846153846154,0.7251655629139073
38482,2024-11-12,Jannik Sinner,23.239,1.0,73,2024-605,Hard,Daniil Medvedev,28.75,4.0,R,1.0,ITA,ATP Tour Finals,0,0,0,0,1,0.0,,2024,31.594827586206897,1.0,2024-11-12,0.0,2024-10-13,30.0,103.0,0.0,49.0,0.7748917748917749,6.0,0.7515723270440252,7.0,14,0.5,1.0,ITA,1,,9999.0,0.0,4.0,2000.0,4.0,0.7508090614886731,0.7412140575079872,0.7260726072607261
38483,2024-11-13,Jannik Sinner,23.239,1.0,100,2024-605,Hard,Taylor Fritz,27.039,5.0,R,1.0,ITA,ATP Tour Finals,0,0,0,0,1,0.0,,2024,31.507163323782233,1.0,2024-11-13,0.0,2024-11-12,1.0,73.0,73.0,50.0,0.7758620689655172,7.0,0.7523510971786834,2.0,3,0.6666666666666666,1.0,ITA,1,,9999.0,0.0,5.0,4.0,4.0,0.7516129032258064,0.7420382165605095,0.7269736842105263
38484,2024-11-14,Jannik Sinner,23.239,1.0,85,2024-605,Hard,Alex de Minaur,25.733,9.0,R,1.0,ITA,ATP Tour Finals,0,0,0,0,1,0.0,,2024,31.42,1.0,2024-11-14,0.0,2024-11-13,1.0,100.0,173.0,51.0,0.776824034334764,8.0,0.753125,6.0,7,0.8571428571428571,5.0,ITA,1,,9999.0,0.0,9.0,4.0,4.0,0.752411575562701,0.7428571428571429,0.7278688524590164
38495,2024-11-17,Jannik Sinner,23.239,1.0,69,2024-605,Hard,Casper Ruud,25.889,7.0,R,9.0,ITA,ATP Tour Finals,0,0,0,0,1,0.0,,2024,31.333333333333332,1.0,2024-11-17,0.0,2024-11-14,3.0,85.0,258.0,52.0,0.7777777777777778,9.0,0.7538940809968847,2.0,2,1.0,1.0,ITA,1,,9999.0,0.0,7.0,4.0,4.0,0.7532051282051282,0.7436708860759493,0.7287581699346405
38491,2024-11-17,Jannik Sinner,23.239,1.0,84,2024-605,Hard,Taylor Fritz,27.039,5.0,R,11.0,ITA,ATP Tour Finals,0,0,0,0,1,0.0,,2024,31.24715909090909,1.0,2024-11-17,0.0,2024-11-17,0.0,69.0,327.0,53.0,0.7787234042553192,10.0,0.7546583850931677,3.0,4,0.75,1.0,ITA,1,,9999.0,0.0,5.0,4.0,4.0,0.7539936102236422,0.7444794952681388,0.7296416938110749
38835,2025-01-15,Jannik Sinner,23.411,1.0,160,2025-580,Hard,Nicolas Jarry,29.259,36.0,R,4.0,ITA,Melbourne,0,0,0,0,1,0.0,,2025,31.161473087818695,1.0,2025-01-15,0.0,2024-11-17,59.0,84.0,0.0,0.0,0.7796610169491526,11.0,0.7554179566563467,1.0,2,0.5,1.0,AUS,0,,9999.0,0.0,36.0,2000.0,2000.0,0.7547770700636943,0.7452830188679245,0.7305194805194806
38879,2025-01-20,Jannik Sinner,23.411,1.0,166,2025-580,Hard,Tristan Schoolkate,23.88,173.0,R,5.0,ITA,Melbourne,1,1,1,0,1,0.0,,2025,31.076271186440678,1.0,2025-01-20,0.0,2025-01-15,5.0,160.0,160.0,1.0,0.7805907172995781,12.0,0.7561728395061729,0.0,0,0.5,2.0,AUS,0,,9999.0,0.0,173.0,36.0,36.0,0.7105263157894737,0.7941176470588235,0.7313915857605178
38912,2025-01-23,Jannik Sinner,23.411,1.0,121,2025-580,Hard,Marcos Giron,31.474,46.0,R,6.0,ITA,Melbourne,0,0,0,0,1,0.0,,2025,30.991549295774647,1.0,2025-01-23,0.0,2025-01-20,3.0,166.0,326.0,2.0,0.7815126050420168,13.0,0.7569230769230769,1.0,1,1.0,2.0,AUS,0,,9999.0,1.0,46.0,36.0,36.0,0.7555555555555555,0.7460815047021944,0.7322580645161291
38934,2025-01-25,Jannik Sinner,23.411,1.0,193,2025-580,Hard,Holger Rune,21.711,13.0,R,7.0,ITA,Melbourne,1,0,0,0,1,0.0,,2025,30.90730337078652,1.0,2025-01-25,0.0,2025-01-23,2.0,121.0,447.0,3.0,0.7824267782426778,14.0,0.7576687116564417,2.0,4,0.5,6.0,AUS,0,,9999.0,1.0,13.0,36.0,36.0,0.7563291139240507,0.746875,0.7331189710610932
38944,2025-01-26,Jannik Sinner,23.411,1.0,108,2025-580,Hard,Alex de Minaur,25.906,8.0,R,8.0,ITA,Melbourne,0,0,0,0,1,0.0,,2025,30.74022346368715,1.0,2025-01-26,0.0,2025-01-26,0.0,162.0,802.0,5.0,0.7842323651452282,16.0,0.7591463414634146,7.0,8,0.875,0.0,AUS,0,,9999.0,2.0,8.0,2.0,13.0,0.7570977917981072,0.7476635514018691,0.7339743589743589
38947,2025-01-26,Jannik Sinner,23.411,1.0,156,2025-580,Hard,Ben Shelton,22.264,20.0,L,9.0,ITA,Melbourne,0,0,0,0,1,0.0,,2025,30.657381615598887,1.0,2025-01-26,0.0,2025-01-26,0.0,108.0,910.0,6.0,0.7851239669421488,17.0,0.6896551724137931,4.0,5,0.8,0.0,AUS,0,,9999.0,2.0,20.0,2.0,13.0,0.7578616352201258,0.7484472049689441,0.7348242811501597
38942,2025-01-26,Jannik Sinner,23.411,1.0,162,2025-580,Hard,Alexander Zverev,27.734,2.0,R,11.0,ITA,Melbourne,0,0,0,0,1,0.0,,2025,30.823529411764707,1.0,2025-01-26,0.0,2025-01-25,1.0,193.0,640.0,4.0,0.7833333333333333,15.0,0.7584097859327217,2.0,6,0.3333333333333333,0.0,AUS,0,,9999.0,2.0,2.0,13.0,13.0,0.7586206896551724,0.7492260061919505,0.7356687898089171
40148,2025-05-09,Jannik Sinner,23.718,1.0,98,2025-416,Clay,Mariano Navone,24.183,99.0,R,5.0,ITA,Rome,0,0,0,0,1,0.0,,2025,30.575,1.0,2025-05-09,0.0,2025-01-26,103.0,156.0,0.0,0.0,0.6951219512195121,0.0,0.7598784194528876,0.0,0,0.5,3.0,ITA,1,,9999.0,0.0,99.0,2000.0,2000.0,0.759375,0.75,0.7365079365079366
40176,2025-05-13,Jannik Sinner,23.718,1.0,93,2025-416,Clay,Jesper de Jong,24.928,93.0,R,6.0,ITA,Rome,0,0,0,0,1,0.0,,2025,30.493074792243767,1.0,2025-05-13,0.0,2025-05-09,4.0,98.0,98.0,1.0,0.6987951807228916,1.0,0.7606060606060606,1.0,1,1.0,1.0,ITA,1,,9999.0,0.0,93.0,99.0,99.0,0.7601246105919003,0.7507692307692307,0.7373417721518988
40193,2025-05-15,Jannik Sinner,23.718,1.0,137,2025-416,Clay,Francisco Cerundolo,26.727,18.0,R,7.0,ITA,Rome,0,0,0,0,1,0.0,,2025,30.41160220994475,1.0,2025-05-15,0.0,2025-05-13,2.0,93.0,191.0,2.0,0.7023809523809523,2.0,0.7613293051359517,1.0,3,0.3333333333333333,4.0,ITA,1,,9999.0,0.0,18.0,93.0,93.0,0.7608695652173914,0.7515337423312883,0.7381703470031545
40218,2025-05-16,Jannik Sinner,23.718,1.0,64,2025-416,Clay,Casper Ruud,26.368,7.0,R,8.0,ITA,Rome,0,0,0,0,1,0.0,,2025,30.330578512396695,1.0,2025-05-16,0.0,2025-05-15,1.0,137.0,328.0,3.0,0.7058823529411765,3.0,0.7620481927710844,3.0,3,1.0,2.0,ITA,1,,9999.0,0.0,7.0,18.0,18.0,0.7616099071207431,0.7522935779816514,0.7389937106918238
40211,2025-05-16,Jannik Sinner,23.718,1.0,103,2025-416,Clay,Tommy Paul,27.967,12.0,R,9.0,ITA,Rome,1,0,0,0,1,0.0,,2025,30.16986301369863,1.0,2025-05-16,0.0,2025-05-16,0.0,103.0,495.0,5.0,0.7011494252873564,0.0,0.7604790419161677,3.0,4,0.75,0.0,ITA,1,,9999.0,2.0,12.0,7.0,18.0,0.7623456790123457,0.7530487804878049,0.7398119122257053
40209,2025-05-16,Jannik Sinner,23.718,1.0,103,2025-416,Clay,Carlos Alcaraz,22.001,3.0,R,10.0,ITA,Rome,2,0,0,0,0,,False,2025,30.25,1.0,2025-05-16,0.0,2025-05-16,0.0,64.0,392.0,4.0,0.7093023255813954,4.0,0.7627627627627628,4.0,10,0.4,5.0,ITA,1,,9999.0,0.0,,7.0,18.0,0.7630769230769231,0.7537993920972644,0.740625
40419,2025-05-28,Jannik Sinner,23.775,1.0,135,2025-520,Clay,Arthur Rinderknech,29.843,75.0,R,4.0,ITA,Paris,0,0,0,0,1,0.0,,2025,30.09016393442623,1.0,2025-05-28,0.0,2025-05-16,12.0,103.0,0.0,6.0,0.7045454545454546,1.0,0.7611940298507462,2.0,3,0.6666666666666666,3.0,FRA,0,,9999.0,0.0,75.0,2000.0,7.0,0.7607361963190185,0.7515151515151515,0.7383177570093458
40467,2025-06-02,Jannik Sinner,23.775,1.0,117,2025-520,Clay,Richard Gasquet,38.938,166.0,R,5.0,ITA,Paris,0,0,0,0,1,0.0,,2025,30.010899182561307,1.0,2025-06-02,0.0,2025-05-28,5.0,135.0,135.0,7.0,0.7078651685393258,2.0,0.7619047619047619,3.0,3,1.0,1.0,FRA,0,,9999.0,0.0,166.0,75.0,7.0,0.7614678899082569,0.7522658610271903,0.7391304347826086
40496,2025-06-05,Jannik Sinner,23.775,1.0,94,2025-520,Clay,Jiri Lehecka,23.546,34.0,R,6.0,ITA,Paris,0,0,0,1,1,0.0,,2025,29.932065217391305,1.0,2025-06-05,0.0,2025-06-02,3.0,117.0,252.0,8.0,0.7111111111111111,3.0,0.7626112759643917,2.0,2,1.0,5.0,FRA,0,,9999.0,0.0,34.0,75.0,7.0,0.7621951219512195,0.7530120481927711,0.8863636363636364
40518,2025-06-07,Jannik Sinner,23.775,1.0,120,2025-520,Clay,Andrey Rublev,27.598,15.0,R,7.0,ITA,Paris,0,0,0,0,1,0.0,,2025,29.853658536585368,1.0,2025-06-07,0.0,2025-06-05,2.0,94.0,346.0,9.0,0.7142857142857143,4.0,0.7633136094674556,6.0,9,0.6666666666666666,3.0,FRA,0,,9999.0,0.0,15.0,34.0,7.0,0.7629179331306991,0.7537537537537538,0.739938080495356
40537,2025-06-08,Jannik Sinner,23.775,1.0,109,2025-520,Clay,Alexander Bublik,27.94,62.0,R,8.0,ITA,Paris,0,0,0,0,1,0.0,,2025,29.620967741935484,1.0,2025-06-08,0.0,2025-06-08,0.0,329.0,991.0,12.0,0.7127659574468085,0.0,0.7624633431085044,3.0,4,0.75,0.0,FRA,0,,9999.0,3.0,62.0,6.0,7.0,0.7636363636363637,0.7544910179640718,0.7407407407407407
40534,2025-06-08,Jannik Sinner,23.775,1.0,196,2025-520,Clay,Novak Djokovic,38.012,6.0,R,9.0,ITA,Paris,0,0,0,0,1,0.0,,2025,29.775675675675675,1.0,2025-06-08,0.0,2025-06-07,1.0,120.0,466.0,10.0,0.717391304347826,5.0,0.7640117994100295,3.0,7,0.42857142857142855,0.0,FRA,0,,9999.0,0.0,6.0,15.0,7.0,0.7643504531722054,0.755223880597015,0.7415384615384616
40535,2025-06-08,Jannik Sinner,23.775,1.0,329,2025-520,Clay,Carlos Alcaraz,22.059,2.0,R,10.0,ITA,Paris,3,0,0,0,0,,False,2025,29.69811320754717,1.0,2025-06-08,0.0,2025-06-08,0.0,196.0,662.0,11.0,0.7204301075268817,6.0,0.7647058823529411,4.0,11,0.36363636363636365,0.0,FRA,0,,9999.0,0.0,,6.0,7.0,0.7650602409638554,0.7559523809523809,0.7423312883435583
40634,2025-06-16,Jannik Sinner,23.833,1.0,90,2025-500,Grass,Yannick Hanfmann,33.591,138.0,R,6.0,ITA,Halle,0,0,0,0,1,0.0,,2025,29.544235924932977,1.0,2025-06-16,0.0,2025-06-08,8.0,109.0,0.0,0.0,0.6764705882352942,0.0,0.7631578947368421,2.0,2,1.0,3.0,GER,0,,9999.0,0.0,138.0,2000.0,6.0,0.7627627627627628,0.7537091988130564,0.7400611620795107
40660,2025-06-19,Jannik Sinner,23.833,1.0,122,2025-500,Grass,Alexander Bublik,27.997,45.0,R,7.0,ITA,Halle,2,0,0,0,0,,False,2025,29.467914438502675,1.0,2025-06-19,0.0,2025-06-16,3.0,90.0,90.0,1.0,0.6857142857142857,1.0,0.7638483965014577,4.0,5,0.8,4.0,GER,0,,9999.0,0.0,,138.0,6.0,0.7634730538922155,0.7544378698224852,0.7408536585365854
40867,2025-06-30,Jannik Sinner,23.871,1.0,108,2025-540,Grass,Luca Nardi,21.9,95.0,R,4.0,ITA,London,0,1,1,0,1,0.0,,2025,29.392,1.0,2025-06-30,0.0,2025-06-19,11.0,122.0,0.0,2.0,0.6666666666666666,0.0,0.7616279069767442,0.0,0,0.5,2.0,GBR,0,,9999.0,0.0,95.0,2000.0,6.0,0.717948717948718,0.8,0.7386018237082067
40947,2025-07-07,Jannik Sinner,23.871,1.0,100,2025-540,Grass,Aleksandar Vukic,29.232,93.0,R,5.0,ITA,London,0,0,0,0,1,0.0,,2025,29.31648936170213,1.0,2025-07-07,0.0,2025-06-30,7.0,108.0,108.0,3.0,0.6756756756756757,1.0,0.7623188405797101,2.0,2,1.0,1.0,GBR,0,,9999.0,0.0,93.0,95.0,6.0,0.7611940298507462,0.7522123893805309,0.7393939393939394
40970,2025-07-10,Jannik Sinner,23.871,1.0,115,2025-540,Grass,Pedro Martinez,28.178,52.0,R,6.0,ITA,London,0,1,0,0,1,0.0,,2025,29.24137931034483,1.0,2025-07-10,0.0,2025-07-07,3.0,100.0,208.0,4.0,0.6842105263157895,2.0,0.7630057803468208,1.0,1,1.0,7.0,GBR,0,,9999.0,0.0,52.0,93.0,93.0,0.725,0.7529411764705882,0.7401812688821753
41004,2025-07-12,Jannik Sinner,23.871,1.0,128,2025-540,Grass,Grigor Dimitrov,34.125,21.0,R,7.0,ITA,London,0,1,0,0,1,0.0,,2025,29.166666666666668,1.0,2025-07-12,0.0,2025-07-10,2.0,115.0,323.0,5.0,0.6923076923076923,3.0,0.7636887608069164,4.0,5,0.8,3.0,GBR,0,,9999.0,0.0,21.0,52.0,52.0,0.7317073170731707,0.7536656891495601,0.7409638554216867
41030,2025-07-13,Jannik Sinner,23.871,1.0,139,2025-540,Grass,Ben Shelton,22.724,10.0,L,8.0,ITA,London,0,0,0,0,1,0.0,,2025,28.944881889763778,1.0,2025-07-13,0.0,2025-07-13,0.0,184.0,750.0,8.0,0.7142857142857143,6.0,0.7,5.0,6,0.8333333333333334,0.0,GBR,0,,9999.0,1.0,10.0,2.0,21.0,0.7619047619047619,0.7543859649122807,0.7417417417417418
41021,2025-07-13,Jannik Sinner,23.871,1.0,115,2025-540,Grass,Novak Djokovic,38.108,6.0,R,9.0,ITA,London,0,0,0,0,1,0.0,,2025,29.092348284960423,1.0,2025-07-13,0.0,2025-07-12,1.0,128.0,451.0,6.0,0.7,4.0,0.764367816091954,4.0,8,0.5,0.0,GBR,0,,9999.0,0.0,6.0,21.0,21.0,0.7626112759643917,0.7551020408163265,0.7425149700598802
41022,2025-07-13,Jannik Sinner,23.871,1.0,184,2025-540,Grass,Carlos Alcaraz,22.155,2.0,R,11.0,ITA,London,1,0,0,0,1,0.0,,2025,29.018421052631577,1.0,2025-07-13,0.0,2025-07-13,0.0,115.0,566.0,7.0,0.7073170731707317,5.0,0.7650429799426934,4.0,12,0.3333333333333333,0.0,GBR,0,,9999.0,0.0,2.0,6.0,21.0,0.7633136094674556,0.7558139534883721,0.7432835820895523
41433,2025-08-07,Jannik Sinner,23.975,1.0,59,2025-422,Hard,Daniel Elahi Galan,29.136,134.0,R,5.0,ITA,Cincinnati,0,1,0,0,1,0.0,,2025,28.654545454545456,1.0,2025-08-07,0.0,2025-08-07,0.0,71.0,291.0,10.0,0.7886178861788617,21.0,0.7670454545454546,1.0,1,1.0,5.0,USA,0,,9999.0,0.0,134.0,28.0,2.0,0.7380952380952381,0.7565217391304347,0.7440476190476191
41408,2025-08-07,Jannik Sinner,23.975,1.0,112,2025-422,Hard,Gabriel Diallo,23.869,36.0,R,6.0,ITA,Cincinnati,0,1,0,0,1,0.0,,2025,28.8717277486911,1.0,2025-08-07,0.0,2025-07-13,25.0,139.0,0.0,7.0,0.7860082304526749,18.0,0.7657142857142857,0.0,0,0.5,3.0,USA,0,,9999.0,0.0,36.0,2000.0,2.0,0.7441860465116279,0.7572254335260116,0.744807121661721
41493,2025-08-07,Jannik Sinner,23.975,1.0,108,2025-422,Hard,Adrian Mannarino,37.106,94.0,L,7.0,ITA,Cincinnati,0,1,0,0,1,0.0,,2025,28.798955613577025,1.0,2025-08-07,0.0,2025-08-07,0.0,112.0,112.0,8.0,0.7868852459016393,19.0,0.7096774193548387,3.0,3,1.0,1.0,USA,0,,9999.0,0.0,94.0,36.0,2.0,0.75,0.7579250720461095,0.7455621301775148
41454,2025-08-07,Jannik Sinner,23.975,1.0,71,2025-422,Hard,Felix Auger-Aliassime,24.997,28.0,R,8.0,ITA,Cincinnati,0,1,0,0,1,0.0,,2025,28.7265625,1.0,2025-08-07,0.0,2025-08-07,0.0,108.0,220.0,9.0,0.7877551020408163,20.0,0.7663817663817664,0.0,3,0.0,2.0,USA,0,,9999.0,0.0,28.0,36.0,2.0,0.7555555555555555,0.7586206896551724,0.7463126843657817
41479,2025-08-07,Jannik Sinner,23.975,1.0,86,2025-422,Hard,Terence Atmane,23.576,132.0,L,9.0,ITA,Cincinnati,0,1,0,0,1,0.0,,2025,28.582901554404145,1.0,2025-08-07,0.0,2025-08-07,0.0,59.0,350.0,11.0,0.7894736842105263,22.0,0.71875,0.0,0,0.5,1.0,USA,0,,9999.0,0.0,132.0,28.0,2.0,0.7608695652173914,0.7593123209169055,0.7470588235294118
41481,2025-08-07,Jannik Sinner,23.975,1.0,23,2025-422,Hard,Carlos Alcaraz,22.259,2.0,R,10.0,ITA,Cincinnati,2,1,0,0,0,,True,2025,28.511627906976745,1.0,2025-08-07,0.0,2025-08-07,0.0,86.0,436.0,12.0,0.7903225806451613,23.0,0.7677053824362606,5.0,13,0.38461538461538464,3.0,USA,0,,9999.0,0.0,,28.0,2.0,0.7659574468085106,0.76,0.7478005865102639
41746,2025-08-24,Jannik Sinner,24.02,1.0,100,2025-560,Hard,Vit Kopriva,28.19,89.0,R,4.0,ITA,New York,0,0,0,0,1,0.0,,2025,28.091603053435115,1.0,2025-08-24,0.0,2025-08-24,0.0,194.0,719.0,18.0,0.7913385826771654,5.0,0.7681564245810056,0.0,0,0.5,1.0,USA,0,,9999.0,2.0,89.0,10.0,28.0,0.7640117994100295,0.7578347578347578,0.7456140350877193
41706,2025-08-24,Jannik Sinner,24.022,1.0,123,2025-560,Hard,Alexei Popyrin,26.053,36.0,R,5.0,ITA,New York,0,0,0,0,1,0.0,,2025,28.23017902813299,1.0,2025-08-24,0.0,2025-08-24,0.0,199.0,402.0,16.0,0.7896825396825397,3.0,0.7675070028011205,0.0,1,0.0,6.0,USA,0,,9999.0,1.0,36.0,10.0,28.0,0.7647058823529411,0.7585227272727273,0.7463556851311953
41672,2025-08-24,Jannik Sinner,24.022,1.0,194,2025-560,Hard,Denis Shapovalov,26.36,29.0,L,6.0,ITA,New York,1,0,0,0,1,0.0,,2025,28.160714285714285,1.0,2025-08-24,0.0,2025-08-24,0.0,123.0,525.0,17.0,0.7905138339920948,4.0,0.7272727272727273,0.0,1,0.0,2.0,USA,0,,9999.0,1.0,29.0,10.0,28.0,0.7653958944281525,0.7592067988668555,0.747093023255814
41783,2025-08-24,Jannik Sinner,24.022,1.0,83,2025-560,Hard,Alexander Bublik,28.186,24.0,R,7.0,ITA,New York,0,0,0,0,1,0.0,,2025,28.440721649484537,1.0,2025-08-24,0.0,2025-08-07,17.0,23.0,0.0,13.0,0.7871485943775101,0.0,0.7655367231638418,4.0,6,0.6666666666666666,5.0,USA,0,,9999.0,0.0,24.0,2000.0,28.0,0.7660818713450293,0.7598870056497176,0.7478260869565218
41779,2025-08-24,Jannik Sinner,24.022,1.0,120,2025-560,Hard,Lorenzo Musetti,23.477,10.0,R,8.0,ITA,New York,0,0,0,0,1,0.0,,2025,28.370179948586117,1.0,2025-08-24,0.0,2025-08-24,0.0,83.0,83.0,14.0,0.788,1.0,0.7661971830985915,2.0,3,0.6666666666666666,6.0,USA,0,,9999.0,0.0,10.0,24.0,28.0,0.7667638483965015,0.7605633802816901,0.7485549132947977
41778,2025-08-24,Jannik Sinner,24.022,1.0,199,2025-560,Hard,Felix Auger-Aliassime,25.043,27.0,R,9.0,ITA,New York,1,0,0,0,1,0.0,,2025,28.3,1.0,2025-08-24,0.0,2025-08-24,0.0,120.0,203.0,15.0,0.7888446215139442,2.0,0.7668539325842697,1.0,4,0.25,6.0,USA,0,,9999.0,0.0,27.0,10.0,28.0,0.7674418604651163,0.7612359550561798,0.7492795389048992
41697,2025-08-24,Jannik Sinner,24.022,1.0,164,2025-560,Hard,Carlos Alcaraz,22.305,2.0,R,10.0,ITA,New York,3,0,0,0,0,,False,2025,28.022842639593907,1.0,2025-08-24,0.0,2025-08-24,0.0,100.0,819.0,19.0,0.792156862745098,6.0,0.7688022284122563,5.0,14,0.35714285714285715,3.0,USA,0,,9999.0,2.0,,10.0,28.0,0.7681159420289855,0.7619047619047619,0.75
41954,2025-09-24,Jannik Sinner,24.107,2.0,81,2025-747,Hard,Marin Cilic,36.988,97.0,R,6.0,ITA,Beijing,0,0,0,0,1,0.0,,2025,27.826196473551637,1.0,2025-08-24,31.0,2025-09-24,0.0,141.0,281.0,22.0,0.7906976744186046,2.0,0.7673130193905817,0.0,0,0.5,2.0,CHN,0,,9999.0,2.0,97.0,8.0,2000.0,0.7658959537572254,0.7597765363128491,0.7478510028653295
41944,2025-09-24,Jannik Sinner,24.107,2.0,141,2025-747,Hard,Terence Atmane,23.707,68.0,L,7.0,ITA,Beijing,1,0,0,0,1,0.0,,2025,27.891414141414142,1.0,2025-08-24,31.0,2025-09-24,0.0,140.0,140.0,21.0,0.7898832684824902,1.0,0.7352941176470589,1.0,1,1.0,4.0,CHN,0,,9999.0,1.0,68.0,8.0,2000.0,0.7665706051873199,0.7604456824512534,0.7485714285714286
41978,2025-09-24,Jannik Sinner,24.107,2.0,80,2025-747,Hard,Fabian Marozsan,25.963,57.0,R,8.0,ITA,Beijing,0,0,0,0,1,0.0,,2025,27.696741854636592,1.0,2025-08-24,31.0,2025-09-24,0.0,72.0,434.0,24.0,0.7923076923076923,4.0,0.7679558011049724,1.0,1,1.0,2.0,CHN,0,,9999.0,2.0,57.0,8.0,2000.0,0.7672413793103449,0.7611111111111111,0.7492877492877493
41942,2025-09-24,Jannik Sinner,24.107,2.0,140,2025-747,Hard,Alex de Minaur,26.601,8.0,R,9.0,ITA,Beijing,1,0,0,0,1,0.0,,2025,27.956962025316457,1.0,2025-08-24,31.0,2025-08-24,31.0,164.0,0.0,20.0,0.7890625,0.0,0.7666666666666667,8.0,9,0.8888888888888888,4.0,CHN,0,,9999.0,0.0,8.0,2000.0,2000.0,0.7679083094555874,0.7617728531855956,0.75
41967,2025-09-24,Jannik Sinner,24.107,2.0,72,2025-747,Hard,Learner Tien,19.811,52.0,L,11.0,ITA,Beijing,0,0,0,0,1,0.0,,2025,27.761306532663315,1.0,2025-08-24,31.0,2025-09-24,0.0,81.0,362.0,23.0,0.7915057915057915,3.0,0.7428571428571429,0.0,0,0.5,2.0,CHN,0,,9999.0,2.0,52.0,8.0,2000.0,0.7685714285714286,0.7624309392265194,0.7507082152974505
42104,2025-10-01,Jannik Sinner,24.107,2.0,98,2025-5014,Hard,Daniel Altmaier,27.034,50.0,R,5.0,ITA,Shanghai,0,0,1,0,1,0.0,,2025,27.56857855361596,1.0,2025-08-24,38.0,2025-10-01,0.0,156.0,156.0,26.0,0.7900763358778626,0.0,0.7664835164835165,1.0,2,0.5,0.0,CHN,0,,9999.0,2.0,50.0,2000.0,8.0,0.7692307692307693,0.8055555555555556,0.751412429378531
42042,2025-10-01,Jannik Sinner,24.107,2.0,156,2025-5014,Hard,Tallon Griekspoor,29.229,31.0,R,6.0,ITA,Shanghai,2,0,1,0,0,,True,2025,27.6325,1.0,2025-08-24,38.0,2025-09-24,7.0,80.0,0.0,25.0,0.7931034482758621,5.0,0.768595041322314,4.0,4,1.0,4.0,CHN,0,,9999.0,0.0,,2000.0,8.0,0.7698863636363636,0.8108108108108109,0.752112676056338
42258,2025-10-20,Jannik Sinner,24.178,2.0,58,2025-337,Hard,Daniel Altmaier,27.105,51.0,R,6.0,ITA,Vienna,0,0,0,0,1,0.0,,2025,27.50497512437811,1.0,2025-08-24,57.0,2025-10-01,19.0,98.0,0.0,27.0,0.7908745247148289,1.0,0.7671232876712328,2.0,3,0.6666666666666666,2.0,AUT,0,,9999.0,0.0,51.0,2000.0,8.0,0.7677053824362606,0.7630853994490359,0.75
42288,2025-10-24,Jannik Sinner,24.178,2.0,107,2025-337,Hard,Flavio Cobolli,23.458,22.0,R,7.0,ITA,Vienna,0,0,0,0,1,0.0,,2025,27.441687344913152,1.0,2025-08-24,61.0,2025-10-20,4.0,58.0,58.0,28.0,0.7916666666666666,2.0,0.76775956284153,0.0,0,0.5,1.0,AUT,0,,9999.0,0.0,22.0,51.0,8.0,0.768361581920904,0.7637362637362637,0.7507002801120448
42317,2025-10-25,Jannik Sinner,24.178,2.0,76,2025-337,Hard,Alexander Bublik,28.342,16.0,R,8.0,ITA,Vienna,0,0,0,0,1,0.0,,2025,27.378712871287128,1.0,2025-08-24,62.0,2025-10-24,1.0,107.0,165.0,29.0,0.7924528301886793,3.0,0.7683923705722071,5.0,7,0.7142857142857143,1.0,AUT,0,,9999.0,0.0,16.0,22.0,22.0,0.7690140845070422,0.7643835616438356,0.7513966480446927
42318,2025-10-26,Jannik Sinner,24.178,2.0,87,2025-337,Hard,Alex de Minaur,26.672,7.0,R,9.0,ITA,Vienna,0,0,0,0,1,0.0,,2025,27.31604938271605,1.0,2025-08-24,63.0,2025-10-25,1.0,76.0,241.0,30.0,0.793233082706767,4.0,0.7690217391304348,9.0,10,0.9,1.0,AUT,0,,9999.0,0.0,7.0,16.0,16.0,0.7696629213483146,0.7650273224043715,0.7520891364902507
42332,2025-10-26,Jannik Sinner,24.178,2.0,148,2025-337,Hard,Alexander Zverev,28.501,3.0,R,11.0,ITA,Vienna,1,0,0,0,1,0.0,,2025,27.253694581280786,1.0,2025-08-24,63.0,2025-10-26,0.0,87.0,328.0,31.0,0.7940074906367042,5.0,0.7696476964769647,3.0,7,0.42857142857142855,1.0,AUT,0,,9999.0,0.0,3.0,7.0,16.0,0.7703081232492998,0.7656675749318801,0.7527777777777778
42363,2025-10-30,Jannik Sinner,24.197,2.0,87,2025-352,Hard,Zizou Bergs,26.401,41.0,R,6.0,ITA,Paris Masters,0,0,0,0,1,0.0,,2025,27.191646191646193,1.0,2025-08-24,67.0,2025-10-26,4.0,148.0,0.0,32.0,0.7947761194029851,6.0,0.7702702702702703,0.0,0,0.5,2.0,,0,,9999.0,0.0,41.0,2000.0,3.0,0.770949720670391,0.7663043478260869,0.7534626038781164
42398,2025-11-01,Jannik Sinner,24.197,2.0,85,2025-352,Hard,Francisco Cerundolo,27.206,21.0,R,7.0,ITA,Paris Masters,0,0,0,0,1,0.0,,2025,27.129901960784313,1.0,2025-08-24,69.0,2025-10-30,2.0,87.0,87.0,33.0,0.7955390334572491,7.0,0.77088948787062,2.0,4,0.5,0.0,,0,,9999.0,0.0,21.0,41.0,3.0,0.7715877437325905,0.7669376693766937,0.7541436464088398
42409,2025-11-02,Jannik Sinner,24.197,2.0,69,2025-352,Hard,Ben Shelton,23.05,7.0,L,8.0,ITA,Paris Masters,0,0,0,0,1,0.0,,2025,26.94647201946472,1.0,2025-08-24,70.0,2025-11-02,0.0,62.0,346.0,36.0,0.7977941176470589,10.0,0.75,6.0,7,0.8571428571428571,0.0,,0,,9999.0,0.0,7.0,3.0,3.0,0.7722222222222223,0.7675675675675676,0.7548209366391184
42408,2025-11-02,Jannik Sinner,24.197,2.0,62,2025-352,Hard,Alexander Zverev,28.52,3.0,R,9.0,ITA,Paris Masters,0,0,0,0,1,0.0,,2025,27.007317073170732,1.0,2025-08-24,70.0,2025-11-02,0.0,112.0,284.0,35.0,0.7970479704797048,9.0,0.7721179624664879,4.0,8,0.5,0.0,,0,,9999.0,0.0,3.0,10.0,3.0,0.7728531855955678,0.7681940700808625,0.7554945054945055
42407,2025-11-02,Jannik Sinner,24.197,2.0,112,2025-352,Hard,Felix Auger-Aliassime,25.218,10.0,R,11.0,ITA,Paris Masters,0,0,0,0,1,0.0,,2025,27.068459657701712,1.0,2025-08-24,70.0,2025-11-01,1.0,85.0,172.0,34.0,0.7962962962962963,8.0,0.771505376344086,2.0,5,0.4,0.0,,0,,9999.0,0.0,10.0,21.0,3.0,0.7734806629834254,0.7688172043010753,0.7561643835616438
42471,2025-11-14,Jannik Sinner,24.235,2.0,100,2025-605,Hard,Felix Auger-Aliassime,25.257,8.0,R,1.0,ITA,ATP Finals,0,0,0,0,1,0.0,,2025,26.885922330097088,1.0,2025-08-24,82.0,2025-11-02,12.0,69.0,0.0,37.0,0.7985347985347986,11.0,0.7727272727272727,3.0,6,0.5,2.0,ITA,1,,9999.0,0.0,8.0,2000.0,3.0,0.7741046831955923,0.7694369973190348,0.7568306010928961
42477,2025-11-16,Jannik Sinner,24.235,2.0,97,2025-605,Hard,Alexander Zverev,28.559,3.0,R,1.0,ITA,ATP Finals,0,0,0,0,1,0.0,,2025,26.70602409638554,1.0,2025-08-24,84.0,2025-11-16,0.0,135.0,347.0,40.0,0.8007246376811594,14.0,0.7745358090185677,5.0,9,0.5555555555555556,2.0,ITA,1,,9999.0,0.0,3.0,1.0,3.0,0.7747252747252747,0.7700534759358288,0.7574931880108992
42482,2025-11-16,Jannik Sinner,24.235,2.0,94,2025-605,Hard,Ben Shelton,23.088,5.0,L,1.0,ITA,ATP Finals,0,0,0,0,1,0.0,,2025,26.646634615384617,1.0,2025-08-24,84.0,2025-11-16,0.0,97.0,444.0,41.0,0.8014440433212996,15.0,0.7567567567567568,7.0,8,0.875,2.0,ITA,1,,9999.0,0.0,5.0,1.0,3.0,0.7753424657534247,0.7706666666666667,0.7581521739130435
42478,2025-11-16,Jannik Sinner,24.235,2.0,112,2025-605,Hard,Alex de Minaur,26.73,7.0,R,9.0,ITA,ATP Finals,0,0,0,0,1,0.0,,2025,26.825665859564165,1.0,2025-08-24,84.0,2025-11-14,2.0,100.0,100.0,38.0,0.7992700729927007,12.0,0.7733333333333333,10.0,11,0.9090909090909091,2.0,ITA,1,,9999.0,0.0,7.0,8.0,3.0,0.7759562841530054,0.7712765957446809,0.7588075880758808
42474,2025-11-16,Jannik Sinner,24.235,2.0,135,2025-605,Hard,Carlos Alcaraz,22.519,1.0,R,11.0,ITA,ATP Finals,0,0,0,0,1,0.0,,2025,26.765700483091788,1.0,2025-08-24,84.0,2025-11-16,0.0,112.0,212.0,39.0,0.8,13.0,0.773936170212766,5.0,15,0.3333333333333333,2.0,ITA,1,,9999.0,0.0,1.0,7.0,3.0,0.776566757493188,0.7718832891246684,0.7594594594594595
42848,2026-01-20,Jannik Sinner,24.43,2.0,71,2026-580,Hard,Hugo Gaston,25.317,93.0,L,4.0,ITA,Melbourne,0,0,0,0,1,0.0,,2026,26.587529976019184,1.0,2025-08-24,149.0,2025-11-16,65.0,94.0,0.0,0.0,0.802158273381295,16.0,0.7631578947368421,2.0,2,1.0,4.0,AUS,0,,9999.0,0.0,93.0,2000.0,2000.0,0.7771739130434783,0.7724867724867724,0.7601078167115903
42886,2026-01-22,Jannik Sinner,24.435,2.0,109,2026-580,Hard,James Duckworth,34.004,88.0,R,5.0,ITA,Melbourne,0,0,0,1,1,0.0,,2026,26.528708133971293,1.0,2025-08-24,151.0,2026-01-20,2.0,71.0,71.0,1.0,0.8028673835125448,17.0,0.7751322751322751,2.0,3,0.6666666666666666,0.0,AUS,0,,9999.0,0.0,88.0,93.0,93.0,0.7777777777777778,0.7730870712401056,0.8888888888888888
42911,2026-01-24,Jannik Sinner,24.441,2.0,222,2026-580,Hard,Eliot Spizzirri,24.088,85.0,R,6.0,ITA,Melbourne,1,1,1,0,1,0.0,,2026,26.470167064439142,1.0,2025-08-24,153.0,2026-01-22,2.0,109.0,180.0,2.0,0.8035714285714286,18.0,0.7757255936675461,0.0,0,0.5,0.0,AUS,0,,9999.0,0.0,85.0,88.0,88.0,0.75,0.7894736842105263,0.760752688172043
42918,2026-01-26,Jannik Sinner,24.446,2.0,131,2026-580,Hard,Luciano Darderi,23.948,25.0,R,7.0,ITA,Melbourne,0,1,0,0,1,0.0,,2026,26.41190476190476,1.0,2025-08-24,155.0,2026-01-24,2.0,222.0,402.0,3.0,0.8042704626334519,19.0,0.7763157894736842,0.0,0,0.5,0.0,AUS,0,,9999.0,1.0,25.0,85.0,85.0,0.7551020408163265,0.7736842105263158,0.7613941018766756
42923,2026-01-28,Jannik Sinner,24.452,2.0,145,2026-580,Hard,Ben Shelton,23.305,7.0,L,8.0,ITA,Melbourne,0,0,0,0,1,0.0,,2026,26.35391923990499,1.0,2025-08-24,157.0,2026-01-26,2.0,131.0,533.0,4.0,0.8049645390070922,20.0,0.7692307692307693,8.0,9,0.8888888888888888,0.0,AUS,0,,9999.0,1.0,7.0,25.0,25.0,0.7783783783783784,0.7742782152230971,0.7620320855614974
42925,2026-01-30,Jannik Sinner,24.457,2.0,252,2026-580,Hard,Novak Djokovic,38.694,4.0,R,9.0,ITA,Melbourne,3,1,0,0,0,,False,2026,26.296208530805686,1.0,2025-08-24,159.0,2026-01-28,2.0,145.0,678.0,5.0,0.8056537102473498,21.0,0.7769028871391076,5.0,9,0.5555555555555556,0.0,AUS,0,,9999.0,1.0,,7.0,7.0,0.76,0.774869109947644,0.7626666666666667
43115,2026-02-16,Jannik Sinner,24.504,2.0,70,2026-451,Hard,Tomas Machac,25.35,31.0,R,6.0,ITA,Doha,0,0,0,1,1,0.0,,2026,26.238770685579198,1.0,2025-08-24,176.0,2026-01-30,17.0,252.0,0.0,6.0,0.8028169014084507,0.0,0.774869109947644,2.0,2,1.0,2.0,QAT,0,,9999.0,0.0,31.0,2000.0,7.0,0.7789757412398922,0.7728459530026109,0.8913043478260869
43158,2026-02-18,Jannik Sinner,24.512,2.0,84,2026-451,Hard,Alexei Popyrin,26.543,53.0,R,7.0,ITA,Doha,0,0,0,0,1,0.0,,2026,26.181603773584907,1.0,2025-08-24,178.0,2026-02-16,2.0,70.0,70.0,7.0,0.8035087719298246,1.0,0.7754569190600522,1.0,2,0.5,2.0,QAT,0,,9999.0,0.0,53.0,31.0,7.0,0.7795698924731183,0.7734375,0.7606382978723404
43189,2026-02-19,Jannik Sinner,24.512,2.0,131,2026-451,Hard,Jakub Mensik,20.468,16.0,R,8.0,ITA,Doha,2,0,0,0,0,,False,2026,26.12470588235294,1.0,2025-08-24,179.0,2026-02-18,1.0,84.0,154.0,8.0,0.8041958041958042,2.0,0.7760416666666666,0.0,0,0.5,2.0,QAT,0,,9999.0,0.0,,31.0,7.0,0.7801608579088471,0.7740259740259741,0.7612732095490716
43418,2026-03-07,Jannik Sinner,24.556,2.0,64,2026-404,Hard,Dalibor Svrcina,23.428,109.0,R,5.0,ITA,Indian Wells,0,0,0,0,1,0.0,,2026,26.068075117370892,1.0,2025-08-24,195.0,2026-02-19,16.0,131.0,0.0,9.0,0.8013937282229965,0.0,0.7740259740259741,0.0,0,0.5,2.0,USA,0,,9999.0,0.0,109.0,2000.0,31.0,0.7780748663101604,0.772020725388601,0.7592592592592593
43444,2026-03-09,Jannik Sinner,24.561,2.0,71,2026-404,Hard,Denis Shapovalov,26.899,39.0,L,6.0,ITA,Indian Wells,0,0,0,0,1,0.0,,2026,26.011709601873537,1.0,2025-08-24,197.0,2026-03-07,2.0,64.0,64.0,10.0,0.8020833333333334,1.0,0.775,1.0,2,0.5,3.0,USA,0,,9999.0,0.0,39.0,109.0,31.0,0.7786666666666666,0.772609819121447,0.7598944591029023
43460,2026-03-11,Jannik Sinner,24.567,2.0,121,2026-404,Hard,Joao Fonseca,19.554,35.0,R,7.0,ITA,Indian Wells,0,0,0,0,1,0.0,,2026,25.955607476635514,1.0,2025-08-24,199.0,2026-03-09,2.0,71.0,135.0,11.0,0.8027681660899654,2.0,0.7746113989637305,0.0,0,0.5,3.0,USA,0,,9999.0,0.0,35.0,39.0,31.0,0.7792553191489362,0.7731958762886598,0.7605263157894737
43468,2026-03-13,Jannik Sinner,24.572,2.0,66,2026-404,Hard,Learner Tien,20.277,27.0,L,8.0,ITA,Indian Wells,0,1,0,0,1,0.0,,2026,25.8997668997669,1.0,2025-08-24,201.0,2026-03-11,2.0,121.0,256.0,12.0,0.803448275862069,3.0,0.7804878048780488,1.0,1,1.0,3.0,USA,0,,9999.0,0.0,27.0,35.0,31.0,0.7450980392156863,0.7737789203084833,0.7611548556430446
43472,2026-03-15,Jannik Sinner,24.578,2.0,83,2026-404,Hard,Alexander Zverev,28.901,4.0,R,9.0,ITA,Indian Wells,0,1,0,0,1,0.0,,2026,25.844186046511627,1.0,2025-08-24,203.0,2026-03-13,2.0,66.0,322.0,13.0,0.8041237113402062,4.0,0.7751937984496124,6.0,10,0.6,3.0,USA,0,,9999.0,0.0,4.0,27.0,27.0,0.75,0.7743589743589744,0.7617801047120419
43470,2026-03-15,Jannik Sinner,24.58,2.0,115,2026-404,Hard,Daniil Medvedev,30.092,11.0,R,11.0,ITA,Indian Wells,0,1,0,0,1,0.0,,2026,25.788863109048723,1.0,2025-08-24,203.0,2026-03-15,0.0,83.0,405.0,14.0,0.8047945205479452,5.0,0.7757731958762887,8.0,15,0.5333333333333333,3.0,USA,0,,9999.0,0.0,11.0,4.0,27.0,0.7547169811320755,0.7749360613810742,0.762402088772846
43555,2026-03-21,Jannik Sinner,24.594,2.0,70,2026-403,Hard,Damir Dzumhur,33.834,76.0,R,5.0,ITA,Miami,0,0,0,0,1,0.0,,2026,25.733796296296298,1.0,2025-08-24,209.0,2026-03-15,6.0,115.0,0.0,15.0,0.8054607508532423,6.0,0.7763496143958869,0.0,0,0.5,6.0,USA,0,,9999.0,0.0,76.0,2000.0,4.0,0.7798408488063661,0.7755102040816326,0.7630208333333334
43586,2026-03-24,Jannik Sinner,24.602,2.0,71,2026-403,Hard,Corentin Moutet,26.93,33.0,L,6.0,ITA,Miami,0,0,0,0,1,0.0,,2026,25.62442396313364,1.0,2025-08-24,212.0,2026-03-24,0.0,101.0,171.0,17.0,0.8067796610169492,8.0,0.7857142857142857,1.0,1,1.0,0.0,USA,0,,9999.0,0.0,33.0,40.0,4.0,0.7804232804232805,0.7760814249363868,0.7636363636363637
43585,2026-03-24,Jannik Sinner,24.602,2.0,101,2026-403,Hard,Alex Michelsen,21.577,40.0,R,7.0,ITA,Miami,0,0,0,0,1,0.0,,2026,25.678983833718245,1.0,2025-08-24,212.0,2026-03-21,3.0,70.0,70.0,16.0,0.8061224489795918,7.0,0.7769230769230769,2.0,2,1.0,0.0,USA,0,,9999.0,0.0,40.0,76.0,4.0,0.7810026385224275,0.7766497461928934,0.7642487046632125
43598,2026-03-26,Jannik Sinner,24.608,2.0,71,2026-403,Hard,Frances Tiafoe,28.178,20.0,R,8.0,ITA,Miami,0,0,0,0,1,0.0,,2026,25.570114942528736,1.0,2025-08-24,214.0,2026-03-24,2.0,71.0,242.0,18.0,0.8074324324324325,9.0,0.7774936061381074,4.0,5,0.8,0.0,USA,0,,9999.0,0.0,20.0,33.0,4.0,0.781578947368421,0.7772151898734178,0.7648578811369509
43602,2026-03-28,Jannik Sinner,24.613,2.0,113,2026-403,Hard,Alexander Zverev,28.936,4.0,R,9.0,ITA,Miami,0,0,0,0,1,0.0,,2026,25.51605504587156,1.0,2025-08-24,216.0,2026-03-26,2.0,71.0,313.0,19.0,0.8080808080808081,10.0,0.7780612244897959,7.0,11,0.6363636363636364,0.0,USA,0,,9999.0,0.0,4.0,20.0,4.0,0.7821522309711286,0.7777777777777778,0.7654639175257731
43603,2026-03-29,Jannik Sinner,24.619,2.0,93,2026-403,Hard,Jiri Lehecka,24.389,22.0,R,11.0,ITA,Miami,0,0,0,0,1,0.0,,2026,25.462242562929063,1.0,2025-08-24,217.0,2026-03-28,1.0,113.0,426.0,20.0,0.8087248322147651,11.0,0.7786259541984732,3.0,3,1.0,0.0,USA,0,,9999.0,0.0,22.0,4.0,4.0,0.7827225130890052,0.7783375314861462,0.7660668380462725
43768,2026-04-07,Jannik Sinner,24.641,2.0,64,2026-410,Clay,Ugo Humbert,27.781,34.0,L,6.0,ITA,Monte Carlo,0,0,0,0,1,0.0,,2026,25.408675799086758,1.0,2025-08-24,226.0,2026-03-29,9.0,93.0,0.0,0.0,0.7157894736842105,1.0,0.7906976744186046,1.0,2,0.5,1.0,MON,0,,9999.0,0.0,34.0,2000.0,4.0,0.783289817232376,0.7788944723618091,0.7666666666666667
43788,2026-04-09,Jannik Sinner,24.646,2.0,121,2026-410,Clay,Tomas Machac,25.487,53.0,R,7.0,ITA,Monte Carlo,1,0,0,0,1,0.0,,2026,25.355353075170843,1.0,2025-08-24,228.0,2026-04-07,2.0,64.0,64.0,1.0,0.71875,2.0,0.7791878172588832,3.0,3,1.0,2.0,MON,0,,9999.0,0.0,53.0,34.0,4.0,0.7838541666666666,0.7794486215538847,0.7672634271099744
43791,2026-04-10,Jannik Sinner,24.649,2.0,92,2026-410,Clay,Felix Auger-Aliassime,25.67,7.0,R,8.0,ITA,Monte Carlo,0,0,0,0,1,0.0,,2026,25.302272727272726,1.0,2025-08-24,229.0,2026-04-09,1.0,121.0,185.0,2.0,0.7216494845360825,3.0,0.779746835443038,4.0,7,0.5714285714285714,2.0,MON,0,,9999.0,1.0,7.0,34.0,4.0,0.7844155844155845,0.78,0.7678571428571429
43794,2026-04-11,Jannik Sinner,24.652,2.0,82,2026-410,Clay,Alexander Zverev,28.975,3.0,R,9.0,ITA,Monte Carlo,0,0,0,0,1,0.0,,2026,25.249433106575964,1.0,2025-08-24,230.0,2026-04-10,1.0,92.0,277.0,3.0,0.7244897959183674,4.0,0.7803030303030303,8.0,12,0.6666666666666666,2.0,MON,0,,9999.0,1.0,3.0,7.0,4.0,0.7849740932642487,0.7805486284289277,0.7684478371501272
43796,2026-04-12,Jannik Sinner,24.654,2.0,135,2026-410,Clay,Carlos Alcaraz,22.938,1.0,R,11.0,ITA,Monte Carlo,0,0,0,0,1,0.0,,2026,25.19683257918552,1.0,2025-08-24,231.0,2026-04-11,1.0,82.0,359.0,4.0,0.7272727272727273,5.0,0.7808564231738035,6.0,16,0.375,2.0,MON,0,,9999.0,1.0,1.0,3.0,3.0,0.7855297157622739,0.7810945273631841,0.7690355329949239
43961,2026-04-24,Jannik Sinner,24.687,1.0,140,2026-1536,Clay,Benjamin Bonzi,29.873,104.0,R,5.0,ITA,Madrid,1,0,0,0,1,0.0,,2026,25.142212189616252,1.0,2026-04-24,0.0,2026-04-12,12.0,135.0,0.0,5.0,0.73,6.0,0.7814070351758794,3.0,3,1.0,1.0,ESP,0,,9999.0,0.0,104.0,2000.0,1.0,0.7860824742268041,0.7816377171215881,0.769620253164557
43989,2026-04-26,Jannik Sinner,24.693,1.0,77,2026-1536,Clay,Elmer Moller,22.798,169.0,R,6.0,ITA,Madrid,0,0,0,0,1,0.0,,2026,25.08783783783784,1.0,2026-04-26,0.0,2026-04-24,2.0,140.0,140.0,6.0,0.7326732673267327,7.0,0.7819548872180451,0.0,0,0.5,1.0,ESP,0,,9999.0,1.0,169.0,104.0,1.0,0.7866323907455013,0.7821782178217822,0.7702020202020202
44008,2026-04-28,Jannik Sinner,24.698,1.0,86,2026-1536,Clay,Cameron Norrie,30.68,23.0,L,7.0,ITA,Madrid,0,0,0,0,1,0.0,,2026,25.03370786516854,1.0,2026-04-28,0.0,2026-04-26,2.0,77.0,217.0,7.0,0.7352941176470589,8.0,0.7954545454545454,0.0,0,0.5,4.0,ESP,0,,9999.0,1.0,23.0,104.0,1.0,0.7871794871794872,0.782716049382716,0.7707808564231738
44014,2026-04-29,Jannik Sinner,24.701,1.0,116,2026-1536,Clay,Rafael Jodar,19.614,42.0,R,8.0,ITA,Madrid,0,0,0,0,1,0.0,,2026,24.97982062780269,1.0,2026-04-29,0.0,2026-04-28,1.0,86.0,303.0,8.0,0.7378640776699029,9.0,0.7825,0.0,0,0.5,4.0,ESP,0,,9999.0,1.0,42.0,23.0,1.0,0.7877237851662404,0.7832512315270936,0.7713567839195979
44018,2026-05-01,Jannik Sinner,24.706,1.0,86,2026-1536,Clay,Arthur Fils,21.884,25.0,R,9.0,ITA,Madrid,0,0,0,0,1,0.0,,2026,24.926174496644297,1.0,2026-05-01,0.0,2026-04-29,2.0,116.0,419.0,9.0,0.7403846153846154,10.0,0.7830423940149626,1.0,2,0.5,4.0,ESP,0,,9999.0,1.0,25.0,23.0,1.0,0.7882653061224489,0.7837837837837838,0.7719298245614035
44019,2026-05-03,Jannik Sinner,24.712,1.0,57,2026-1536,Clay,Alexander Zverev,29.035,3.0,R,11.0,ITA,Madrid,0,0,0,0,1,0.0,,2026,24.872767857142858,1.0,2026-05-03,0.0,2026-05-01,2.0,86.0,505.0,10.0,0.7428571428571429,11.0,0.7835820895522388,9.0,13,0.6923076923076923,4.0,ESP,0,,9999.0,1.0,3.0,23.0,1.0,0.7888040712468194,0.7843137254901961,0.7725
44107,2026-05-09,Jannik Sinner,24.728,1.0,100,2026-416,Clay,Sebastian Ofner,29.99,82.0,R,5.0,ITA,Rome,0,0,0,0,1,0.0,,2026,24.819599109131403,1.0,2026-05-09,0.0,2026-05-03,6.0,57.0,0.0,11.0,0.7452830188679245,12.0,0.7841191066997518,0.0,0,0.5,4.0,ITA,1,,9999.0,0.0,82.0,2000.0,1.0,0.7893401015228426,0.784841075794621,0.773067331670823
44131,2026-05-11,Jannik Sinner,24.734,1.0,65,2026-416,Clay,Alexei Popyrin,26.765,60.0,R,6.0,ITA,Rome,0,0,0,0,1,0.0,,2026,24.766666666666666,1.0,2026-05-11,0.0,2026-05-09,2.0,100.0,100.0,12.0,0.7476635514018691,13.0,0.7846534653465347,2.0,3,0.6666666666666666,2.0,ITA,1,,9999.0,0.0,60.0,82.0,1.0,0.789873417721519,0.7853658536585366,0.7736318407960199
44139,2026-05-12,Jannik Sinner,24.736,1.0,89,2026-416,Clay,Andrea Pellegrino,29.136,155.0,R,7.0,ITA,Rome,0,0,0,0,1,0.0,,2026,24.713968957871398,1.0,2026-05-12,0.0,2026-05-11,1.0,65.0,165.0,13.0,0.75,14.0,0.7851851851851852,0.0,0,0.5,2.0,ITA,1,,9999.0,0.0,155.0,60.0,1.0,0.7904040404040404,0.7858880778588808,0.7741935483870968
44147,2026-05-14,Jannik Sinner,24.742,1.0,91,2026-416,Clay,Andrey Rublev,28.564,14.0,R,8.0,ITA,Rome,0,0,0,0,1,0.0,,2026,24.661504424778762,1.0,2026-05-14,0.0,2026-05-12,2.0,89.0,254.0,14.0,0.7522935779816514,15.0,0.7857142857142857,7.0,10,0.7,2.0,ITA,1,,9999.0,0.0,14.0,60.0,3.0,0.7909319899244333,0.7864077669902912,0.7747524752475248
44149,2026-05-16,Jannik Sinner,24.747,1.0,157,2026-416,Clay,Daniil Medvedev,30.259,9.0,R,9.0,ITA,Rome,1,0,0,0,1,0.0,,2026,24.60927152317881,1.0,2026-05-16,0.0,2026-05-14,2.0,91.0,345.0,15.0,0.7545454545454545,16.0,0.7862407862407862,9.0,16,0.5625,2.0,ITA,1,,9999.0,0.0,9.0,14.0,3.0,0.7914572864321608,0.7869249394673123,0.7753086419753087
44150,2026-05-17,Jannik Sinner,24.75,1.0,105,2026-416,Clay,Casper Ruud,27.4,25.0,R,11.0,ITA,Rome,0,0,0,0,1,0.0,,2026,24.55726872246696,1.0,2026-05-17,0.0,2026-05-16,1.0,157.0,502.0,16.0,0.7567567567567568,17.0,0.7867647058823529,4.0,4,1.0,2.0,ITA,1,,9999.0,1.0,25.0,9.0,3.0,0.7919799498746867,0.7874396135265701,0.7758620689655172
44405,2026-05-26,Jannik Sinner,24.775,1.0,131,2026-520,Clay,Clement Tabur,26.335,171.0,R,4.0,ITA,Paris,0,1,1,0,1,0.0,,2026,24.505494505494507,1.0,2026-05-26,0.0,2026-05-17,9.0,105.0,0.0,17.0,0.7589285714285714,18.0,0.7872860635696821,0.0,0,0.5,1.0,FRA,0,,9999.0,0.0,171.0,2000.0,3.0,0.7592592592592593,0.7948717948717948,0.7764127764127764
44431,2026-05-28,Jannik Sinner,24.78,1.0,211,2026-520,Clay,Juan Manuel Cerundolo,24.531,56.0,L,5.0,ITA,Paris,3,1,1,0,0,,False,2026,24.45394736842105,1.0,2026-05-28,0.0,2026-05-26,2.0,131.0,131.0,18.0,0.7610619469026548,19.0,0.8,1.0,1,1.0,1.0,FRA,0,,9999.0,0.0,,171.0,3.0,0.7636363636363637,0.8,0.7769607843137255
